{"payload":{"fileName":"/mnt/d/GitHub/IFT6758-A2022-G08/src/models/train_model.py","local_timestamp":1669158579032},"type":"ws_msg"}
{"payload":{"additional_params":{"assetId":"3a2d4bf0cbfa4538ab4562a79d408548","context":null,"extension":"py","fileName":"/mnt/d/GitHub/IFT6758-A2022-G08/src/models/HP_RandomForest.py","overwrite":false,"runId":"b3N41BWmQKOISUipTuU6PlzbB","step":null,"type":"source_code"},"clean":true,"file_path":"tmp3po_l8b4","local_timestamp":1669158579584,"metadata":{"source_code_type":"experiment_creation"},"upload_type":"source_code"},"type":"file_upload"}
{"payload":{"additional_params":{"assetId":"b5d04238a3c34cf589348c2e9d696ff9","context":null,"extension":"py","fileName":"/mnt/d/GitHub/IFT6758-A2022-G08/src/models/train_model.py","overwrite":false,"runId":"b3N41BWmQKOISUipTuU6PlzbB","step":null,"type":"source_code"},"clean":true,"file_path":"tmpfin2tz_i","local_timestamp":1669158579609,"metadata":{"source_code_type":"python_script_name"},"upload_type":"source_code"},"type":"file_upload"}
{"payload":{"installed_packages":["absl-py==1.3.0","alabaster==0.7.12","appdirs==1.4.4","argon2-cffi-bindings==21.2.0","argon2-cffi==21.3.0","arrow==1.2.3","asttokens==2.0.8","astunparse==1.6.3","attrs==22.1.0","awscli==1.25.86","babel==2.10.3","backcall==0.2.0","beautifulsoup4==4.11.1","binaryornot==0.4.4","bleach==5.0.1","bokeh==2.4.3","botocore==1.27.85","bs4==0.0.1","cachetools==5.2.0","cattrs==22.1.0","certifi==2022.9.14","cffi==1.15.1","chardet==5.0.0","charset-normalizer==2.1.1","click==8.1.3","cloudpickle==2.2.0","colorama==0.4.4","comet-ml==3.31.19","configobj==5.0.6","contourpy==1.0.5","cookiecutter==2.1.1","coverage==6.5.0","cycler==0.11.0","debugpy==1.6.3","decorator==5.1.1","defusedxml==0.7.1","docutils==0.16","dulwich==0.20.50","entrypoints==0.4","everett==3.1.0","exceptiongroup==1.0.0rc9","executing==1.1.0","fastjsonschema==2.16.2","flake8==5.0.4","flatbuffers==22.10.26","fonttools==4.37.4","gast==0.4.0","google-auth-oauthlib==0.4.6","google-auth==2.14.1","google-pasta==0.2.0","graphviz==0.20.1","grpcio==1.51.0","h5py==3.7.0","idna==3.4","imageio==2.22.2","imagesize==1.4.1","imbalanced-learn==0.9.1","imblearn==0.0","importlib-metadata==5.0.0","install==1.3.5","ipykernel==6.16.0","ipython-genutils==0.2.0","ipython==8.5.0","ipywidgets==8.0.2","jedi==0.18.1","jinja2-time==0.2.0","jinja2==3.1.2","jmespath==1.0.1","joblib==1.2.0","jsonschema==4.16.0","jupyter-client==7.3.5","jupyter-console==6.4.4","jupyter-core==4.11.1","jupyter==1.0.0","jupyterlab-pygments==0.2.2","jupyterlab-widgets==3.0.3","keras==2.11.0","kiwisolver==1.4.4","libclang==14.0.6","llvmlite==0.39.1","lxml==4.9.1","markdown==3.4.1","markupsafe==2.1.1","matplotlib-inline==0.1.6","matplotlib==3.6.2","mccabe==0.7.0","mistune==2.0.4","nbclient==0.6.8","nbconvert==7.1.0","nbformat==5.6.1","nest-asyncio==1.5.6","networkx==2.8.7","notebook==6.4.12","numba==0.56.4","numpy==1.23.3","oauthlib==3.2.2","opt-einsum==3.3.0","packaging==21.3","pandas==1.5.0","pandocfilters==1.5.0","panel==0.14.0","param==1.12.2","parso==0.8.3","pexpect==4.8.0","pickleshare==0.7.5","pillow==9.2.0","pip==22.3.1","plotly==5.10.0","prometheus-client==0.14.1","prompt-toolkit==3.0.31","protobuf==3.19.6","psutil==5.9.2","ptyprocess==0.7.0","pure-eval==0.2.2","pyasn1-modules==0.2.8","pyasn1==0.4.8","pycodestyle==2.9.1","pycparser==2.21","pyct==0.4.8","pyflakes==2.5.0","pygments==2.13.0","pyparsing==3.0.9","pyrsistent==0.18.1","python-dateutil==2.8.2","python-dotenv==0.21.0","python-slugify==6.1.2","pytz==2022.4","pyviz-comms==2.2.1","pywavelets==1.4.1","pyyaml==5.4.1","pyzmq==24.0.1","qtconsole==5.3.2","qtpy==2.2.1","requests-cache==0.9.6","requests-oauthlib==1.3.1","requests-toolbelt==0.10.1","requests==2.28.1","rsa==4.7.2","s3transfer==0.6.0","scikit-image==0.19.3","scikit-learn==1.1.2","scipy==1.9.1","seaborn==0.12.0","semantic-version==2.10.0","send2trash==1.8.0","sentry-sdk==1.11.0","setuptools==65.5.0","shap==0.41.0","simplejson==3.18.0","six==1.16.0","slicer==0.0.7","snowballstemmer==2.2.0","soupsieve==2.3.2.post1","sphinx==5.2.3","sphinxcontrib-applehelp==1.0.2","sphinxcontrib-devhelp==1.0.2","sphinxcontrib-htmlhelp==2.0.0","sphinxcontrib-jsmath==1.0.1","sphinxcontrib-qthelp==1.0.3","sphinxcontrib-serializinghtml==1.1.5","src==0.1.0","stack-data==0.5.1","tenacity==8.1.0","tensorboard-data-server==0.6.1","tensorboard-plugin-wit==1.8.1","tensorboard==2.11.0","tensorflow-addons==0.18.0","tensorflow-estimator==2.11.0","tensorflow-io-gcs-filesystem==0.27.0","tensorflow==2.11.0","termcolor==2.1.1","terminado==0.16.0","text-unidecode==1.3","threadpoolctl==3.1.0","tifffile==2022.10.10","tinycss2==1.1.1","tornado==6.2","tqdm==4.64.1","traitlets==5.4.0","typeguard==2.13.3","typing-extensions==4.3.0","url-normalize==1.4.3","urllib3==1.26.12","wcwidth==0.2.5","webencodings==0.5.1","websocket-client==1.3.3","werkzeug==2.2.2","wheel==0.37.1","widgetsnbextension==4.0.3","wrapt==1.14.1","wurlitzer==3.0.2","xgboost==1.7.1","zipp==3.8.1"],"local_timestamp":1669158579610},"type":"ws_msg"}
{"payload":{"local_timestamp":1669158579650,"os_packages":["accountsservice=0.6.55-0ubuntu12~20.04.5","acl=2.2.53-6","adduser=3.118ubuntu2","adwaita-icon-theme=3.36.1-2ubuntu0.20.04.2","alsa-topology-conf=1.2.2-1","alsa-ucm-conf=1.2.2-1ubuntu0.13","apg=2.2.3.dfsg.1-5","apparmor=2.13.3-7ubuntu5.1","apport-symptoms=0.23","apport=2.20.11-0ubuntu27.24","apt-file=3.2.2","apt-utils=2.0.9","apt=2.0.9","aptdaemon-data=1.1.1+bzr982-0ubuntu32.3","aptdaemon=1.1.1+bzr982-0ubuntu32.3","aspell-en=2018.04.16-0-1","aspell=0.60.8-1ubuntu0.1","at-spi2-core=2.36.0-2","at=3.1.23-1ubuntu1","autoconf-archive=20190106-2.1ubuntu1","autoconf=2.69-11.1","automake=1:1.16.1-4ubuntu6","autotools-dev=20180224.1","avahi-daemon=0.7-4ubuntu7.1","avahi-utils=0.7-4ubuntu7.1","base-files=11ubuntu5","base-passwd=3.5.47","bash-completion=1:2.10-1ubuntu1","bash=5.0-6ubuntu1.2","bc=1.07.1-2build1","bcache-tools=1.0.8-3ubuntu0.1","bind9-dnsutils=1:9.16.1-0ubuntu2.10","bind9-host=1:9.16.1-0ubuntu2.10","bind9-libs=1:9.16.1-0ubuntu2.10","binutils-common=2.34-6ubuntu1.3","binutils-x86-64-linux-gnu=2.34-6ubuntu1.3","binutils=2.34-6ubuntu1.3","bluez=5.53-0ubuntu3.6","bolt=0.9.1-2~ubuntu20.04.1","bsdmainutils=11.1.2ubuntu3","bsdutils=1:2.34-0.1ubuntu9.3","btrfs-progs=5.4.1-2","bubblewrap=0.4.0-1ubuntu4","build-essential=12.8ubuntu1.1","busybox-initramfs=1:1.30.1-4ubuntu6.4","busybox-static=1:1.30.1-4ubuntu6.4","byobu=5.133-0ubuntu1","bzip2=1.0.8-2","ca-certificates-java=20190405ubuntu1","ca-certificates=20211016~20.04.1","cheese-common=3.34.0-1ubuntu1","cloud-guest-utils=0.31-7-gd99b2d76-0ubuntu1","cloud-init=22.2-0ubuntu1~20.04.3","cloud-initramfs-copymods=0.45ubuntu2","cloud-initramfs-dyn-netconf=0.45ubuntu2","cmake-data=3.16.3-1ubuntu1","colord-data=1.4.4-2","colord=1.4.4-2","command-not-found=20.04.6","console-setup-linux=1.194ubuntu3","console-setup=1.194ubuntu3","coreutils=8.30-3ubuntu2","cpio=2.13+dfsg-2ubuntu0.3","cpp-9=9.4.0-1ubuntu1~20.04.1","cpp=4:9.3.0-1ubuntu2","cracklib-runtime=2.9.6-3.2","crda=3.18-1build1","cron=3.0pl1-136ubuntu1","cryptsetup-bin=2:2.2.2-3ubuntu2.4","cryptsetup-initramfs=2:2.2.2-3ubuntu2.4","cryptsetup-run=2:2.2.2-3ubuntu2.4","cryptsetup=2:2.2.2-3ubuntu2.4","cuda-11-8=11.8.0-1","cuda-cccl-11-8=11.8.89-1","cuda-command-line-tools-11-8=11.8.0-1","cuda-compiler-11-8=11.8.0-1","cuda-cudart-11-8=11.8.89-1","cuda-cudart-dev-11-8=11.8.89-1","cuda-cuobjdump-11-8=11.8.86-1","cuda-cupti-11-8=11.8.87-1","cuda-cupti-dev-11-8=11.8.87-1","cuda-cuxxfilt-11-8=11.8.86-1","cuda-demo-suite-11-8=11.8.86-1","cuda-documentation-11-8=11.8.86-1","cuda-driver-dev-11-8=11.8.89-1","cuda-gdb-11-8=11.8.86-1","cuda-libraries-11-8=11.8.0-1","cuda-libraries-dev-11-8=11.8.0-1","cuda-memcheck-11-8=11.8.86-1","cuda-nsight-11-8=11.8.86-1","cuda-nsight-compute-11-8=11.8.0-1","cuda-nsight-systems-11-8=11.8.0-1","cuda-nvcc-11-8=11.8.89-1","cuda-nvdisasm-11-8=11.8.86-1","cuda-nvml-dev-11-8=11.8.86-1","cuda-nvprof-11-8=11.8.87-1","cuda-nvprune-11-8=11.8.86-1","cuda-nvrtc-11-8=11.8.89-1","cuda-nvrtc-dev-11-8=11.8.89-1","cuda-nvtx-11-8=11.8.86-1","cuda-nvvp-11-8=11.8.87-1","cuda-profiler-api-11-8=11.8.86-1","cuda-repo-wsl-ubuntu-11-8-local=11.8.0-1","cuda-runtime-11-8=11.8.0-1","cuda-sanitizer-11-8=11.8.86-1","cuda-toolkit-11-8-config-common=11.8.89-1","cuda-toolkit-11-8=11.8.0-1","cuda-toolkit-11-config-common=11.8.89-1","cuda-toolkit-config-common=11.8.89-1","cuda-tools-11-8=11.8.0-1","cuda-visual-tools-11-8=11.8.0-1","cuda=11.8.0-1","cups-pk-helper=0.2.6-1ubuntu3","curl=7.68.0-1ubuntu2.13","dash=0.5.10.2-6","dbus-user-session=1.12.16-2ubuntu2.2","dbus-x11=1.12.16-2ubuntu2.2","dbus=1.12.16-2ubuntu2.2","dconf-cli=0.36.0-1","dconf-gsettings-backend=0.36.0-1","dconf-service=0.36.0-1","dctrl-tools=2.24-3","debconf-i18n=1.5.73","debconf=1.5.73","debianutils=4.9.1","default-jre-headless=2:1.11-72","default-jre=2:1.11-72","desktop-file-utils=0.24-1ubuntu3","dictionaries-common=1.28.1","diffutils=1:3.7-3","dirmngr=2.2.19-3ubuntu2.2","distro-info-data=0.43ubuntu1.10","dkms=2.8.1-5ubuntu2","dmeventd=2:1.02.167-1ubuntu1","dmidecode=3.2-3","dmsetup=2:1.02.167-1ubuntu1","dns-root-data=2019052802","dnsmasq-base=2.80-1.1ubuntu1.5","docbook-xml=4.5-9","dosfstools=4.1-2","dpkg-dev=1.19.7ubuntu3.2","dpkg=1.19.7ubuntu3.2","e2fsprogs=1.45.5-2ubuntu1.1","eatmydata=105-7","ed=1.16-1","eject=2.1.5+deb1+cvs20081104-14","emacsen-common=3.0.4","enchant-2=2.2.8-1ubuntu0.20.04.1","ethtool=1:5.4-1","evolution-data-server-common=3.36.5-0ubuntu1","evolution-data-server=3.36.5-0ubuntu1","fakeroot=1.24-1","fdisk=2.34-0.1ubuntu9.3","file=1:5.38-4","finalrd=6~ubuntu20.04.1","findutils=4.7.0-1ubuntu1","fontconfig-config=2.13.1-2ubuntu3","fontconfig=2.13.1-2ubuntu3","fonts-dejavu-core=2.37-1","fonts-dejavu-extra=2.37-1","fonts-lato=2.0-2","fonts-ubuntu-console=0.83-4ubuntu1","fprintd=1.90.9-1~ubuntu20.04.1","friendly-recovery=0.2.41ubuntu0.20.04.1","ftp=0.17-34.1","fuse=2.9.9-3","fwupd-signed=1.27.1ubuntu7+1.2-2~20.04.1","fwupd=1.3.9-4","g++-9=9.4.0-1ubuntu1~20.04.1","g++=4:9.3.0-1ubuntu2","gawk=1:5.0.1+dfsg-1","gcc-10-base=10.3.0-1ubuntu1~20.04","gcc-9-base=9.4.0-1ubuntu1~20.04.1","gcc-9=9.4.0-1ubuntu1~20.04.1","gcc=4:9.3.0-1ubuntu2","gcr=3.36.0-2build1","gdisk=1.0.5-1","gdm3=3.36.3-0ubuntu0.20.04.4","gds-tools-11-8=1.4.0.31-1","geoclue-2.0=2.5.6-0ubuntu1","gettext-base=0.19.8.1-10build1","gir1.2-accountsservice-1.0=0.6.55-0ubuntu12~20.04.5","gir1.2-atk-1.0=2.35.1-1ubuntu2","gir1.2-atspi-2.0=2.36.0-2","gir1.2-freedesktop=1.64.1-1~ubuntu20.04.1","gir1.2-gck-1=3.36.0-2build1","gir1.2-gcr-3=3.36.0-2build1","gir1.2-gdesktopenums-3.0=3.36.0-1ubuntu1","gir1.2-gdkpixbuf-2.0=2.40.0+dfsg-3ubuntu0.4","gir1.2-gdm-1.0=3.36.3-0ubuntu0.20.04.4","gir1.2-geoclue-2.0=2.5.6-0ubuntu1","gir1.2-glib-2.0=1.64.1-1~ubuntu20.04.1","gir1.2-gnomebluetooth-1.0=3.34.3-0ubuntu1","gir1.2-gnomedesktop-3.0=3.36.8-0ubuntu1","gir1.2-graphene-1.0=1.10.0-1build2","gir1.2-gtk-3.0=3.24.20-0ubuntu1.1","gir1.2-gweather-3.0=3.36.1-1~ubuntu20.04.1","gir1.2-ibus-1.0=1.5.22-2ubuntu2.1","gir1.2-json-1.0=1.4.4-2ubuntu2","gir1.2-mutter-6=3.36.9-0ubuntu0.20.04.2","gir1.2-nm-1.0=1.22.10-1ubuntu2.3","gir1.2-nma-1.0=1.8.24-1ubuntu3","gir1.2-notify-0.7=0.7.9-1ubuntu3.20.04.2","gir1.2-packagekitglib-1.0=1.1.13-2ubuntu1.1","gir1.2-pango-1.0=1.44.7-2ubuntu4","gir1.2-polkit-1.0=0.105-26ubuntu1.3","gir1.2-rsvg-2.0=2.48.9-1ubuntu0.20.04.1","gir1.2-secret-1=0.20.4-0ubuntu1","gir1.2-soup-2.4=2.70.0-1","gir1.2-upowerglib-1.0=0.99.11-1build2","gir1.2-vte-2.91=0.60.3-0ubuntu1~20.04","git-man=1:2.25.1-1ubuntu3.5","git=1:2.25.1-1ubuntu3.5","gjs=1.64.5-0ubuntu0.20.04.01","gkbd-capplet=3.26.1-1","glib-networking-common=2.64.2-1ubuntu0.1","glib-networking-services=2.64.2-1ubuntu0.1","glib-networking=2.64.2-1ubuntu0.1","gnome-control-center-data=1:3.36.5-0ubuntu4","gnome-control-center-faces=1:3.36.5-0ubuntu4","gnome-control-center=1:3.36.5-0ubuntu4","gnome-desktop3-data=3.36.8-0ubuntu1","gnome-keyring-pkcs11=3.36.0-1ubuntu1","gnome-keyring=3.36.0-1ubuntu1","gnome-menus=3.36.0-1ubuntu1","gnome-online-accounts=3.36.1-0ubuntu1","gnome-session-bin=3.36.0-2ubuntu1","gnome-session-common=3.36.0-2ubuntu1","gnome-settings-daemon-common=3.36.1-0ubuntu1.1","gnome-settings-daemon=3.36.1-0ubuntu1.1","gnome-shell-common=3.36.9-0ubuntu0.20.04.2","gnome-shell=3.36.9-0ubuntu0.20.04.2","gnome-startup-applications=3.36.0-2ubuntu1","gnome-user-docs=3.36.2+git20200704-0ubuntu0.1","gnupg-l10n=2.2.19-3ubuntu2.2","gnupg-utils=2.2.19-3ubuntu2.2","gnupg=2.2.19-3ubuntu2.2","gpg-agent=2.2.19-3ubuntu2.2","gpg-wks-client=2.2.19-3ubuntu2.2","gpg-wks-server=2.2.19-3ubuntu2.2","gpg=2.2.19-3ubuntu2.2","gpgconf=2.2.19-3ubuntu2.2","gpgsm=2.2.19-3ubuntu2.2","gpgv=2.2.19-3ubuntu2.2","grep=3.4-1","groff-base=1.22.4-4build1","gsettings-desktop-schemas=3.36.0-1ubuntu1","gstreamer1.0-clutter-3.0=3.0.27-1","gstreamer1.0-gl=1.16.3-0ubuntu1.1","gstreamer1.0-plugins-base=1.16.3-0ubuntu1.1","gstreamer1.0-plugins-good=1.16.3-0ubuntu1.1","gstreamer1.0-pulseaudio=1.16.3-0ubuntu1.1","gstreamer1.0-x=1.16.3-0ubuntu1.1","gtk-update-icon-cache=3.24.20-0ubuntu1.1","gulp=4.0.2-6","gyp=0.1+20180428git4d467626-3ubuntu1","gzip=1.10-0ubuntu4.1","hdparm=9.58+ds-4","hicolor-icon-theme=0.17-2","hostname=3.23","htop=2.2.0-2build1","humanity-icon-theme=0.6.15","hunspell-en-us=1:2018.04.16-1","ibus-data=1.5.22-2ubuntu2.1","ibus-gtk3=1.5.22-2ubuntu2.1","ibus-gtk=1.5.22-2ubuntu2.1","ibus=1.5.22-2ubuntu2.1","iio-sensor-proxy=2.8-1ubuntu2","im-config=0.44-1ubuntu1.3","info=6.7.0.dfsg.2-5","init-system-helpers=1.57","init=1.57","initramfs-tools-bin=0.136ubuntu6.7","initramfs-tools-core=0.136ubuntu6.7","initramfs-tools=0.136ubuntu6.7","install-info=6.7.0.dfsg.2-5","ippusbxd=1.34-2ubuntu1","iproute2=5.5.0-1ubuntu1","iptables=1.8.4-3ubuntu2","iputils-ping=3:20190709-3","iputils-tracepath=3:20190709-3","irqbalance=1.6.0-3ubuntu1","isc-dhcp-client=4.4.1-2.1ubuntu5.20.04.3","isc-dhcp-common=4.4.1-2.1ubuntu5.20.04.3","iso-codes=4.4-1","iw=5.4-1","java-common=0.72","javascript-common=11","kbd=2.0.4-4ubuntu2","keyboard-configuration=1.194ubuntu3","klibc-utils=2.0.7-1ubuntu5.1","kmod=27-1ubuntu2.1","kpartx=0.8.3-1ubuntu2","krb5-locales=1.17-6ubuntu4.1","landscape-common=19.12-0ubuntu4.3","language-selector-common=0.204.2","language-selector-gnome=0.204.2","less=551-1ubuntu0.1","libaa1=1.4p5-46","libaccountsservice0=0.6.55-0ubuntu12~20.04.5","libacl1=2.2.53-6","libaio1=0.3.112-5","libalgorithm-diff-perl=1.19.03-2","libalgorithm-diff-xs-perl=0.04-6","libalgorithm-merge-perl=0.08-3","libapparmor1=2.13.3-7ubuntu5.1","libappindicator3-1=12.10.1+20.04.20200408.1-0ubuntu1","libappstream4=0.12.10-2","libapt-pkg-perl=0.1.36build3","libapt-pkg6.0=2.0.9","libarchive-dev=3.4.0-2ubuntu1.2","libarchive13=3.4.0-2ubuntu1.2","libargon2-1=0~20171227-0.2","libasan5=9.4.0-1ubuntu1~20.04.1","libasn1-8-heimdal=7.7.0+dfsg-1ubuntu1","libasound2-data=1.2.2-2.1ubuntu2.5","libasound2-plugins=1.2.2-1ubuntu1","libasound2=1.2.2-2.1ubuntu2.5","libaspell15=0.60.8-1ubuntu0.1","libassuan0=2.5.3-7ubuntu2","libasyncns0=0.8-6","libatk-bridge2.0-0=2.34.2-0ubuntu2~20.04.1","libatk-wrapper-java-jni=0.37.1-1","libatk-wrapper-java=0.37.1-1","libatk1.0-0=2.35.1-1ubuntu2","libatk1.0-data=2.35.1-1ubuntu2","libatm1=1:2.5.1-4","libatomic1=10.3.0-1ubuntu1~20.04","libatspi2.0-0=2.36.0-2","libattr1=1:2.4.48-5","libaudit-common=1:2.8.5-2ubuntu6","libaudit1=1:2.8.5-2ubuntu6","libauthen-sasl-perl=2.1600-1","libavahi-client3=0.7-4ubuntu7.1","libavahi-common-data=0.7-4ubuntu7.1","libavahi-common3=0.7-4ubuntu7.1","libavahi-core7=0.7-4ubuntu7.1","libavahi-glib1=0.7-4ubuntu7.1","libavc1394-0=0.5.4-5","libbinutils=2.34-6ubuntu1.3","libblkid1=2.34-0.1ubuntu9.3","libbluetooth3=5.53-0ubuntu3.6","libboost-thread1.71.0=1.71.0-6ubuntu6","libbrotli1=1.0.7-6ubuntu0.1","libbsd0=0.10.0-1","libbz2-1.0=1.0.8-2","libc-ares2=1.15.0-1ubuntu0.1","libc-bin=2.31-0ubuntu9.9","libc-dev-bin=2.31-0ubuntu9.9","libc6-dev=2.31-0ubuntu9.9","libc6=2.31-0ubuntu9.9","libcaca0=0.99.beta19-2.1ubuntu1.20.04.2","libcairo-gobject2=1.16.0-4ubuntu1","libcairo2=1.16.0-4ubuntu1","libcamel-1.2-62=3.36.5-0ubuntu1","libcanberra-gtk3-0=0.30-7ubuntu1","libcanberra-gtk3-module=0.30-7ubuntu1","libcanberra-pulse=0.30-7ubuntu1","libcanberra0=0.30-7ubuntu1","libcap-ng0=0.7.9-2.1build1","libcap2-bin=1:2.32-1","libcap2=1:2.32-1","libcbor0.6=0.6.0-0ubuntu1","libcc1-0=10.3.0-1ubuntu1~20.04","libcdparanoia0=3.10.2+debian-13","libcheese-gtk25=3.34.0-1ubuntu1","libcheese8=3.34.0-1ubuntu1","libclutter-1.0-0=1.26.4+dfsg-1","libclutter-1.0-common=1.26.4+dfsg-1","libclutter-gst-3.0-0=3.0.27-1","libclutter-gtk-1.0-0=1.8.4-4","libcogl-common=1.22.6-1","libcogl-pango20=1.22.6-1","libcogl-path20=1.22.6-1","libcogl20=1.22.6-1","libcolord-gtk1=0.2.0-0ubuntu1","libcolord2=1.4.4-2","libcolorhug2=1.4.4-2","libcom-err2=1.45.5-2ubuntu1.1","libcrack2=2.9.6-3.2","libcrypt-dev=1:4.4.10-10ubuntu4","libcrypt1=1:4.4.10-10ubuntu4","libcryptsetup12=2:2.2.2-3ubuntu2.4","libctf-nobfd0=2.34-6ubuntu1.3","libctf0=2.34-6ubuntu1.3","libcublas-11-8=11.11.3.6-1","libcublas-dev-11-8=11.11.3.6-1","libcufft-11-8=10.9.0.58-1","libcufft-dev-11-8=10.9.0.58-1","libcufile-11-8=1.4.0.31-1","libcufile-dev-11-8=1.4.0.31-1","libcups2=2.3.1-9ubuntu1.2","libcurand-11-8=10.3.0.86-1","libcurand-dev-11-8=10.3.0.86-1","libcurl3-gnutls=7.68.0-1ubuntu2.13","libcurl4-openssl-dev=7.68.0-1ubuntu2.13","libcurl4=7.68.0-1ubuntu2.13","libcusolver-11-8=11.4.1.48-1","libcusolver-dev-11-8=11.4.1.48-1","libcusparse-11-8=11.7.5.86-1","libcusparse-dev-11-8=11.7.5.86-1","libdaemon0=0.14-7","libdata-dump-perl=1.23-1","libdatrie1=0.2.12-3","libdb5.3=5.3.28+dfsg1-0.6ubuntu2","libdbus-1-3=1.12.16-2ubuntu2.2","libdbusmenu-glib4=16.04.1+18.10.20180917-0ubuntu6","libdbusmenu-gtk3-4=16.04.1+18.10.20180917-0ubuntu6","libdconf1=0.36.0-1","libdebconfclient0=0.251ubuntu1","libdevmapper-event1.02.1=2:1.02.167-1ubuntu1","libdevmapper1.02.1=2:1.02.167-1ubuntu1","libdns-export1109=1:9.11.16+dfsg-3~ubuntu1","libdouble-conversion3=3.1.5-4ubuntu1","libdpkg-perl=1.19.7ubuntu3.2","libdrm-amdgpu1=2.4.107-8ubuntu1~20.04.2","libdrm-common=2.4.107-8ubuntu1~20.04.2","libdrm-intel1=2.4.107-8ubuntu1~20.04.2","libdrm-nouveau2=2.4.107-8ubuntu1~20.04.2","libdrm-radeon1=2.4.107-8ubuntu1~20.04.2","libdrm2=2.4.107-8ubuntu1~20.04.2","libdv4=1.0.0-12","libeatmydata1=105-7","libebackend-1.2-10=3.36.5-0ubuntu1","libebook-1.2-20=3.36.5-0ubuntu1","libebook-contacts-1.2-3=3.36.5-0ubuntu1","libecal-2.0-1=3.36.5-0ubuntu1","libedata-book-1.2-26=3.36.5-0ubuntu1","libedata-cal-2.0-1=3.36.5-0ubuntu1","libedataserver-1.2-24=3.36.5-0ubuntu1","libedataserverui-1.2-2=3.36.5-0ubuntu1","libedit2=3.1-20191231-1","libefiboot1=37-2ubuntu2.2","libefivar1=37-2ubuntu2.2","libegl-mesa0=21.2.6-0ubuntu0.1~20.04.2","libegl1=1.3.2-1~ubuntu0.20.04.2","libelf1=0.176-1.1build1","libenchant-2-2=2.2.8-1ubuntu0.20.04.1","libencode-locale-perl=1.05-1","libepoxy0=1.5.4-1","liberror-perl=0.17029-1","libestr0=0.1.10-2.1","libevdev2=1.9.0+dfsg-1ubuntu0.2","libevent-2.1-7=2.1.11-stable-1","libexif12=0.6.21-6ubuntu0.4","libexpat1-dev=2.2.9-1ubuntu0.4","libexpat1=2.2.9-1ubuntu0.4","libexporter-tiny-perl=1.002001-1","libext2fs2=1.45.5-2ubuntu1.1","libfakeroot=1.24-1","libfastjson4=0.99.8-2","libfdisk1=2.34-0.1ubuntu9.3","libffi7=3.3-4","libfido2-1=1.3.1-1ubuntu2","libfile-basedir-perl=0.08-1","libfile-desktopentry-perl=0.22-1","libfile-fcntllock-perl=0.22-3build4","libfile-listing-perl=6.04-1","libfile-mimeinfo-perl=0.29-1","libfl2=2.6.4-6.2","libflac8=1.3.3-1build1","libfont-afm-perl=1.20-2","libfontconfig1=2.13.1-2ubuntu3","libfontenc1=1:1.1.4-0ubuntu1","libfprint-2-2=1:1.90.2+tod1-0ubuntu1~20.04.8","libfreetype6=2.10.1-2ubuntu0.2","libfribidi0=1.0.8-2ubuntu0.1","libfuse2=2.9.9-3","libfwupd2=1.3.9-4","libfwupdplugin1=1.3.9-4","libgail-common=2.24.32-4ubuntu4","libgail18=2.24.32-4ubuntu4","libgbm1=21.2.6-0ubuntu0.1~20.04.2","libgcab-1.0-0=1.4-1","libgcc-9-dev=9.4.0-1ubuntu1~20.04.1","libgcc-s1=10.3.0-1ubuntu1~20.04","libgck-1-0=3.36.0-2build1","libgcr-base-3-1=3.36.0-2build1","libgcr-ui-3-1=3.36.0-2build1","libgcrypt20=1.8.5-5ubuntu1.1","libgd3=2.2.5-5.2ubuntu2.1","libgdata-common=0.17.12-1","libgdata22=0.17.12-1","libgdbm-compat4=1.18.1-5","libgdbm6=1.18.1-5","libgdk-pixbuf2.0-0=2.40.0+dfsg-3ubuntu0.4","libgdk-pixbuf2.0-bin=2.40.0+dfsg-3ubuntu0.4","libgdk-pixbuf2.0-common=2.40.0+dfsg-3ubuntu0.4","libgdm1=3.36.3-0ubuntu0.20.04.4","libgee-0.8-2=0.20.3-1","libgeoclue-2-0=2.5.6-0ubuntu1","libgeocode-glib0=3.26.2-2","libgif7=5.1.9-1","libgirepository-1.0-1=1.64.1-1~ubuntu20.04.1","libgjs0g=1.64.5-0ubuntu0.20.04.01","libgl1-mesa-dri=21.2.6-0ubuntu0.1~20.04.2","libgl1=1.3.2-1~ubuntu0.20.04.2","libglapi-mesa=21.2.6-0ubuntu0.1~20.04.2","libgles2=1.3.2-1~ubuntu0.20.04.2","libglib2.0-0=2.64.6-1~ubuntu20.04.4","libglib2.0-bin=2.64.6-1~ubuntu20.04.4","libglib2.0-data=2.64.6-1~ubuntu20.04.4","libglvnd0=1.3.2-1~ubuntu0.20.04.2","libglx-mesa0=21.2.6-0ubuntu0.1~20.04.2","libglx0=1.3.2-1~ubuntu0.20.04.2","libgmp-dev=2:6.2.0+dfsg-4","libgmp10=2:6.2.0+dfsg-4","libgmpxx4ldbl=2:6.2.0+dfsg-4","libgnome-autoar-0-0=0.2.3-2ubuntu0.4","libgnome-bluetooth13=3.34.3-0ubuntu1","libgnome-desktop-3-19=3.36.8-0ubuntu1","libgnomekbd-common=3.26.1-1","libgnomekbd8=3.26.1-1","libgnutls30=3.6.13-2ubuntu1.7","libgoa-1.0-0b=3.36.1-0ubuntu1","libgoa-1.0-common=3.36.1-0ubuntu1","libgoa-backend-1.0-1=3.36.1-0ubuntu1","libgomp1=10.3.0-1ubuntu1~20.04","libgpg-error0=1.37-1","libgpgme11=1.13.1-7ubuntu2","libgphoto2-6=2.5.25-0ubuntu0.1","libgphoto2-l10n=2.5.25-0ubuntu0.1","libgphoto2-port12=2.5.25-0ubuntu0.1","libgpm2=1.20.7-5","libgraphene-1.0-0=1.10.0-1build2","libgraphite2-3=1.3.13-11build1","libgsound0=1.0.2-4","libgssapi-krb5-2=1.17-6ubuntu4.1","libgssapi3-heimdal=7.7.0+dfsg-1ubuntu1","libgssdp-1.2-0=1.2.3-0ubuntu0.20.04.1","libgstreamer-gl1.0-0=1.16.3-0ubuntu1.1","libgstreamer-plugins-base1.0-0=1.16.3-0ubuntu1.1","libgstreamer-plugins-good1.0-0=1.16.3-0ubuntu1.1","libgstreamer1.0-0=1.16.3-0ubuntu1.1","libgtk-3-0=3.24.20-0ubuntu1.1","libgtk-3-bin=3.24.20-0ubuntu1.1","libgtk-3-common=3.24.20-0ubuntu1.1","libgtk2.0-0=2.24.32-4ubuntu4","libgtk2.0-bin=2.24.32-4ubuntu4","libgtk2.0-common=2.24.32-4ubuntu4","libgtop-2.0-11=2.40.0-2","libgtop2-common=2.40.0-2","libgudev-1.0-0=1:233-1","libgupnp-1.2-0=1.2.4-0ubuntu1","libgupnp-av-1.0-2=0.12.11-2","libgupnp-dlna-2.0-3=0.10.5-4","libgusb2=0.3.4-0.1","libgweather-3-16=3.36.1-1~ubuntu20.04.1","libgweather-common=3.36.1-1~ubuntu20.04.1","libharfbuzz-icu0=2.6.4-1ubuntu4.2","libharfbuzz0b=2.6.4-1ubuntu4.2","libhcrypto4-heimdal=7.7.0+dfsg-1ubuntu1","libheimbase1-heimdal=7.7.0+dfsg-1ubuntu1","libheimntlm0-heimdal=7.7.0+dfsg-1ubuntu1","libhogweed5=3.5.1+really3.5.1-2ubuntu0.2","libhtml-form-perl=6.07-1","libhtml-format-perl=2.12-1","libhtml-parser-perl=3.72-5","libhtml-tagset-perl=3.20-4","libhtml-tree-perl=5.07-2","libhttp-cookies-perl=6.08-1","libhttp-daemon-perl=6.06-1ubuntu0.1","libhttp-date-perl=6.05-1","libhttp-message-perl=6.22-1","libhttp-negotiate-perl=6.01-1","libhunspell-1.7-0=1.7.0-2build2","libhx509-5-heimdal=7.7.0+dfsg-1ubuntu1","libhyphen0=2.8.8-7","libibus-1.0-5=1.5.22-2ubuntu2.1","libical3=3.0.8-1","libice6=2:1.0.10-0ubuntu1","libicu66=66.1-2ubuntu2.1","libidn11=1.33-2.2ubuntu2","libidn2-0=2.2.0-2","libiec61883-0=1.2.0-3","libieee1284-3=0.2.11-13build1","libimobiledevice6=1.2.1~git20191129.9f79242-1build1","libinput-bin=1.15.5-1ubuntu0.3","libinput10=1.15.5-1ubuntu0.3","libio-html-perl=1.001-1","libio-socket-ssl-perl=2.067-1","libio-stringy-perl=2.111-3","libip4tc2=1.8.4-3ubuntu2","libip6tc2=1.8.4-3ubuntu2","libipc-system-simple-perl=1.26-1","libisc-export1105=1:9.11.16+dfsg-3~ubuntu1","libisl22=0.22.1-1","libisns0=0.97-3","libitm1=10.3.0-1ubuntu1~20.04","libjack-jackd2-0=1.9.12~dfsg-2ubuntu2","libjansson4=2.12-1build1","libjavascriptcoregtk-4.0-18=2.36.7-0ubuntu0.20.04.1","libjbig-dev=2.1-3.1build1","libjbig0=2.1-3.1build1","libjpeg-turbo8-dev=2.0.3-0ubuntu1.20.04.1","libjpeg-turbo8=2.0.3-0ubuntu1.20.04.1","libjpeg8-dev=8c-2ubuntu8","libjpeg8=8c-2ubuntu8","libjs-inherits=2.0.4-1","libjs-is-typedarray=1.0.0-2","libjs-jquery=3.3.1~dfsg-3","libjs-psl=1.7.0+ds-1","libjs-sphinxdoc=1.8.5-7ubuntu3","libjs-typedarray-to-buffer=3.0.3-3","libjs-underscore=1.9.1~dfsg-1ubuntu0.20.04.1","libjs-util=0.10.3-2","libjson-c4=0.13.1+dfsg-7ubuntu0.3","libjson-glib-1.0-0=1.4.4-2ubuntu2","libjson-glib-1.0-common=1.4.4-2ubuntu2","libk5crypto3=1.17-6ubuntu4.1","libkeyutils1=1.6-6ubuntu1.1","libklibc=2.0.7-1ubuntu5.1","libkmod2=27-1ubuntu2.1","libkrb5-26-heimdal=7.7.0+dfsg-1ubuntu1","libkrb5-3=1.17-6ubuntu4.1","libkrb5support0=1.17-6ubuntu4.1","libksba8=1.3.5-2","liblcms2-2=2.9-4","libldap-2.4-2=2.4.49+dfsg-2ubuntu1.9","libldap-common=2.4.49+dfsg-2ubuntu1.9","libldb2=2:2.2.3-0ubuntu0.20.04.3","liblept5=1.79.0-1","libleptonica-dev=1.79.0-1","liblist-moreutils-perl=0.416-1build5","libllvm12=1:12.0.0-3ubuntu1~20.04.5","libllvm9=1:9.0.1-12","liblmdb0=0.9.24-1","liblocale-gettext-perl=1.07-4","liblsan0=10.3.0-1ubuntu1~20.04","libltdl-dev=2.4.6-14","libltdl7=2.4.6-14","liblvm2cmd2.03=2.03.07-1ubuntu1","liblwp-mediatypes-perl=6.04-1","liblwp-protocol-https-perl=6.07-2ubuntu2","liblz4-1=1.9.2-2ubuntu0.20.04.1","liblzma-dev=5.2.4-1ubuntu1.1","liblzma5=5.2.4-1ubuntu1.1","liblzo2-2=2.10-2","libmagic-mgc=1:5.38-4","libmagic1=1:5.38-4","libmailtools-perl=2.21-1","libmaxminddb0=1.4.2-0ubuntu1.20.04.1","libmbim-glib4=1.26.2-1~ubuntu20.04.1","libmbim-proxy=1.26.2-1~ubuntu20.04.1","libmediaart-2.0-0=1.9.4-2","libmm-glib0=1.18.6-1~ubuntu20.04.1","libmnl0=1.0.4-2","libmount1=2.34-0.1ubuntu9.3","libmozjs-68-0=68.6.0-1ubuntu1","libmp3lame0=3.100-3","libmpc3=1.1.0-1","libmpdec2=2.4.2-3","libmpfr6=4.0.2-1","libmpg123-0=1.25.13-1","libmspack0=0.10.1-2","libmtdev1=1.1.5-1.1","libmutter-6-0=3.36.9-0ubuntu0.20.04.2","libmysqlclient21=8.0.30-0ubuntu0.20.04.2","libncurses6=6.2-0ubuntu2","libncursesw6=6.2-0ubuntu2","libndp0=1.7-0ubuntu1","libnet-dbus-perl=1.2.0-1","libnet-http-perl=6.19-1","libnet-smtp-ssl-perl=1.04-1","libnet-ssleay-perl=1.88-2ubuntu1","libnetfilter-conntrack3=1.0.7-2","libnetplan0=0.104-0ubuntu2~20.04.2","libnettle7=3.5.1+really3.5.1-2ubuntu0.2","libnewt0.52=0.52.21-4ubuntu2","libnfnetlink0=1.0.1-3build1","libnftnl11=1.1.5-1","libnghttp2-14=1.40.0-1build1","libnl-3-200=3.4.0-1","libnl-genl-3-200=3.4.0-1","libnl-route-3-200=3.4.0-1","libnm0=1.22.10-1ubuntu2.3","libnma0=1.8.24-1ubuntu3","libnode-dev=10.19.0~dfsg-3ubuntu1","libnode64=10.19.0~dfsg-3ubuntu1","libnotify4=0.7.9-1ubuntu3.20.04.2","libnpp-11-8=11.8.0.86-1","libnpp-dev-11-8=11.8.0.86-1","libnpth0=1.6-1","libnspr4=2:4.25-1","libnss-mdns=0.14.1-1ubuntu1","libnss-systemd=245.4-4ubuntu3.17","libnss3=2:3.49.1-1ubuntu1.8","libntfs-3g883=1:2017.3.23AR.3-3ubuntu1.2","libnuma1=2.0.12-1","libnvidia-cfg1-515=515.65.01-0ubuntu0.20.04.1","libnvidia-common-515=515.65.01-0ubuntu0.20.04.1","libnvidia-compute-510=510.85.02-0ubuntu0.20.04.1","libnvidia-compute-515=515.65.01-0ubuntu0.20.04.1","libnvidia-decode-515=515.65.01-0ubuntu0.20.04.1","libnvidia-encode-515=515.65.01-0ubuntu0.20.04.1","libnvidia-extra-515=515.65.01-0ubuntu0.20.04.1","libnvidia-fbc1-515=515.65.01-0ubuntu0.20.04.1","libnvidia-gl-515=515.65.01-0ubuntu0.20.04.1","libnvjpeg-11-8=11.9.0.86-1","libnvjpeg-dev-11-8=11.9.0.86-1","libogg0=1.3.4-0ubuntu1","libopengl0=1.3.2-1~ubuntu0.20.04.2","libopenjp2-7=2.3.1-1ubuntu4.20.04.1","libopus0=1.3.1-0ubuntu1","liborc-0.4-0=1:0.4.31-1","libp11-kit0=0.23.20-1ubuntu0.1","libpackagekit-glib2-18=1.1.13-2ubuntu1.1","libpam-cap=1:2.32-1","libpam-fprintd=1.90.9-1~ubuntu20.04.1","libpam-gnome-keyring=3.36.0-1ubuntu1","libpam-modules-bin=1.3.1-5ubuntu4.3","libpam-modules=1.3.1-5ubuntu4.3","libpam-runtime=1.3.1-5ubuntu4.3","libpam-systemd=245.4-4ubuntu3.17","libpam0g=1.3.1-5ubuntu4.3","libpango-1.0-0=1.44.7-2ubuntu4","libpangocairo-1.0-0=1.44.7-2ubuntu4","libpangoft2-1.0-0=1.44.7-2ubuntu4","libpangoxft-1.0-0=1.44.7-2ubuntu4","libparted2=3.3-4ubuntu0.20.04.1","libpcap0.8=1.9.1-3","libpci3=1:3.6.4-1ubuntu0.20.04.1","libpciaccess0=0.16-0ubuntu1","libpcre2-16-0=10.34-7","libpcre2-8-0=10.34-7","libpcre3=2:8.39-12ubuntu0.1","libpcsclite1=1.8.26-3","libperl5.30=5.30.0-9ubuntu0.2","libphonenumber7=7.1.0-5ubuntu11","libpipeline1=1.5.2-2build1","libpixman-1-0=0.38.4-0ubuntu1","libplist3=2.1.0-4build2","libplymouth5=0.9.4git20200323-0ubuntu6.2","libpng-dev=1.6.37-2","libpng-tools=1.6.37-2","libpng16-16=1.6.37-2","libpolkit-agent-1-0=0.105-26ubuntu1.3","libpolkit-gobject-1-0=0.105-26ubuntu1.3","libpopt0=1.16-14","libprocps8=2:3.3.16-1ubuntu2.3","libprotobuf17=3.6.1.3-2ubuntu5","libproxy1v5=0.4.15-10ubuntu1.2","libpsl5=0.21.0-1ubuntu1","libpulse-mainloop-glib0=1:13.99.1-1ubuntu3.13","libpulse0=1:13.99.1-1ubuntu3.13","libpulsedsp=1:13.99.1-1ubuntu3.13","libpwquality-common=1.4.2-1build1","libpwquality1=1.4.2-1build1","libpython2-stdlib=2.7.17-2ubuntu4","libpython2.7-minimal=2.7.18-1~20.04.3","libpython2.7-stdlib=2.7.18-1~20.04.3","libpython3-dev=3.8.2-0ubuntu2","libpython3-stdlib=3.8.2-0ubuntu2","libpython3.8-dev=3.8.10-0ubuntu1~20.04.5","libpython3.8-minimal=3.8.10-0ubuntu1~20.04.5","libpython3.8-stdlib=3.8.10-0ubuntu1~20.04.5","libpython3.8=3.8.10-0ubuntu1~20.04.5","libqmi-glib5=1.30.4-1~ubuntu20.04.1","libqmi-proxy=1.30.4-1~ubuntu20.04.1","libqt5core5a=5.12.8+dfsg-0ubuntu2.1","libqt5dbus5=5.12.8+dfsg-0ubuntu2.1","libqt5designer5=5.12.8-0ubuntu1","libqt5gui5=5.12.8+dfsg-0ubuntu2.1","libqt5help5=5.12.8-0ubuntu1","libqt5network5=5.12.8+dfsg-0ubuntu2.1","libqt5printsupport5=5.12.8+dfsg-0ubuntu2.1","libqt5sql5-sqlite=5.12.8+dfsg-0ubuntu2.1","libqt5sql5=5.12.8+dfsg-0ubuntu2.1","libqt5svg5=5.12.8-0ubuntu1","libqt5test5=5.12.8+dfsg-0ubuntu2.1","libqt5widgets5=5.12.8+dfsg-0ubuntu2.1","libqt5xml5=5.12.8+dfsg-0ubuntu2.1","libquadmath0=10.3.0-1ubuntu1~20.04","libraw1394-11=2.1.2-1","libreadline5=5.2+dfsg-3build3","libreadline8=8.0-4","libregexp-assemble-perl=0.36-1","librest-0.7-0=0.8.1-1","libroken18-heimdal=7.7.0+dfsg-1ubuntu1","librsvg2-2=2.48.9-1ubuntu0.20.04.1","librsvg2-common=2.48.9-1ubuntu0.20.04.1","librtmp1=2.4+20151223.gitfa8646d.1-2build1","libruby2.7=2.7.0-5ubuntu1.7","librygel-core-2.6-2=0.38.3-1ubuntu1","librygel-db-2.6-2=0.38.3-1ubuntu1","librygel-renderer-2.6-2=0.38.3-1ubuntu1","librygel-server-2.6-2=0.38.3-1ubuntu1","libsamplerate0=0.1.9-2","libsane-common=1.0.29-0ubuntu5.2","libsane=1.0.29-0ubuntu5.2","libsasl2-2=2.1.27+dfsg-2ubuntu0.1","libsasl2-modules-db=2.1.27+dfsg-2ubuntu0.1","libsasl2-modules=2.1.27+dfsg-2ubuntu0.1","libsbc1=1.4-1","libseccomp2=2.5.1-1ubuntu1~20.04.2","libsecret-1-0=0.20.4-0ubuntu1","libsecret-common=0.20.4-0ubuntu1","libselinux1=3.0-1build2","libsemanage-common=3.0-1build2","libsemanage1=3.0-1build2","libsensors-config=1:3.6.0-2ubuntu1.1","libsensors5=1:3.6.0-2ubuntu1.1","libsepol1=3.0-1ubuntu0.1","libsgutils2-2=1.44-1ubuntu2","libshout3=2.4.3-1","libsigsegv2=2.12-2","libslang2=2.3.2-4","libsm6=2:1.2.3-1","libsmartcols1=2.34-0.1ubuntu9.3","libsmbclient=2:4.13.17~dfsg-0ubuntu1.20.04.1","libsmbios-c2=2.4.3-1","libsnapd-glib1=1.58-0ubuntu0.20.04.0","libsndfile1=1.0.28-7ubuntu0.1","libsnmp-base=5.8+dfsg-2ubuntu2.5","libsnmp35=5.8+dfsg-2ubuntu2.5","libsodium23=1.0.18-1","libsoup-gnome2.4-1=2.70.0-1","libsoup2.4-1=2.70.0-1","libsoxr0=0.1.3-2build1","libspeex1=1.2~rc1.2-1.1ubuntu1.20.04.1","libspeexdsp1=1.2~rc1.2-1.1ubuntu1.20.04.1","libsqlite3-0=3.31.1-4ubuntu0.4","libss2=1.45.5-2ubuntu1.1","libssh-4=0.9.3-2ubuntu2.2","libssl-dev=1.1.1f-1ubuntu2.16","libssl1.1=1.1.1f-1ubuntu2.16","libstartup-notification0=0.12-6","libstdc++-9-dev=9.4.0-1ubuntu1~20.04.1","libstdc++6=10.3.0-1ubuntu1~20.04","libstemmer0d=0+svn585-2","libsystemd0=245.4-4ubuntu3.17","libtag1v5-vanilla=1.11.1+dfsg.1-0.3ubuntu2","libtag1v5=1.11.1+dfsg.1-0.3ubuntu2","libtalloc2=2.3.1-0ubuntu0.20.04.1","libtasn1-6=4.16.0-2","libtdb1=1.4.3-0ubuntu0.20.04.1","libteamdctl0=1.30-1","libtesseract-dev=5.2.0+git6060-3559ff7e-1ppa1~focal1","libtesseract5=5.2.0+git6060-3559ff7e-1ppa1~focal1","libtevent0=0.10.2-0ubuntu0.20.04.1","libtext-charwidth-perl=0.04-10","libtext-iconv-perl=1.7-7","libtext-wrapi18n-perl=0.06-9","libthai-data=0.1.28-3","libthai0=0.1.28-3","libtheora0=1.1.1+dfsg.1-15ubuntu2","libtie-ixhash-perl=1.23-2","libtiff-dev=4.1.0+git191117-2ubuntu0.20.04.5","libtiff5-dev=4.1.0+git191117-2ubuntu0.20.04.5","libtiff5=4.1.0+git191117-2ubuntu0.20.04.5","libtiffxx5=4.1.0+git191117-2ubuntu0.20.04.5","libtimedate-perl=2.3200-1","libtinfo5=6.2-0ubuntu2","libtinfo6=6.2-0ubuntu2","libtool=2.4.6-14","libtry-tiny-perl=0.30-1","libtsan0=10.3.0-1ubuntu1~20.04","libtss2-esys0=2.3.2-1ubuntu0.20.04.1","libtwolame0=0.4.0-2","libubsan1=10.3.0-1ubuntu1~20.04","libuchardet0=0.0.6-3build1","libudev1=245.4-4ubuntu3.17","libudisks2-0=2.8.4-1ubuntu2","libunistring2=0.9.10-2","libunwind8=1.2.1-9build1","libupower-glib3=0.99.11-1build2","liburcu6=0.11.1-2","liburi-perl=1.76-2","libusb-1.0-0=2:1.0.23-2build1","libusbmuxd6=2.0.1-2","libutempter0=1.1.6-4","libuuid1=2.34-0.1ubuntu9.3","libuv1-dev=1.34.2-1ubuntu1.3","libuv1=1.34.2-1ubuntu1.3","libv4l-0=1.18.0-2build1","libv4lconvert0=1.18.0-2build1","libvdpau1=1.3-1ubuntu2","libvisual-0.4-0=0.4.0-17","libvorbis0a=1.3.6-2ubuntu1","libvorbisenc2=1.3.6-2ubuntu1","libvorbisfile3=1.3.6-2ubuntu1","libvpx6=1.8.2-1build1","libvte-2.91-0=0.60.3-0ubuntu1~20.04","libvte-2.91-common=0.60.3-0ubuntu1~20.04","libvulkan1=1.2.131.2-1","libwacom-bin=1.3-2ubuntu3","libwacom-common=1.3-2ubuntu3","libwacom2=1.3-2ubuntu3","libwavpack1=5.2.0-1ubuntu0.1","libwayland-client0=1.18.0-1ubuntu0.1","libwayland-cursor0=1.18.0-1ubuntu0.1","libwayland-egl1=1.18.0-1ubuntu0.1","libwayland-server0=1.18.0-1ubuntu0.1","libwbclient0=2:4.13.17~dfsg-0ubuntu1.20.04.1","libwebkit2gtk-4.0-37=2.36.7-0ubuntu0.20.04.1","libwebp6=0.6.1-2ubuntu0.20.04.1","libwebpdemux2=0.6.1-2ubuntu0.20.04.1","libwebpmux3=0.6.1-2ubuntu0.20.04.1","libwebrtc-audio-processing1=0.3.1-0ubuntu3","libwhoopsie-preferences0=22","libwhoopsie0=0.2.69ubuntu0.3","libwind0-heimdal=7.7.0+dfsg-1ubuntu1","libwoff1=1.0.2-1build2","libwrap0=7.6.q-30","libwww-perl=6.43-1","libwww-robotrules-perl=6.02-1","libx11-6=2:1.6.9-2ubuntu1.2","libx11-data=2:1.6.9-2ubuntu1.2","libx11-protocol-perl=0.56-7","libx11-xcb1=2:1.6.9-2ubuntu1.2","libxatracker2=21.2.6-0ubuntu0.1~20.04.2","libxau6=1:1.0.9-0ubuntu1","libxaw7=2:1.0.13-1","libxcb-dri2-0=1.14-2","libxcb-dri3-0=1.14-2","libxcb-glx0=1.14-2","libxcb-icccm4=0.4.1-1.1","libxcb-image0=0.4.0-1build1","libxcb-keysyms1=0.4.0-1build1","libxcb-present0=1.14-2","libxcb-randr0=1.14-2","libxcb-render-util0=0.3.9-1build1","libxcb-render0=1.14-2","libxcb-res0=1.14-2","libxcb-shape0=1.14-2","libxcb-shm0=1.14-2","libxcb-sync1=1.14-2","libxcb-util1=0.4.0-0ubuntu3","libxcb-xfixes0=1.14-2","libxcb-xinerama0=1.14-2","libxcb-xinput0=1.14-2","libxcb-xkb1=1.14-2","libxcb-xv0=1.14-2","libxcb1=1.14-2","libxcomposite1=1:0.4.5-1","libxcursor1=1:1.2.0-2","libxdamage1=1:1.1.5-2","libxdmcp6=1:1.1.3-0ubuntu1","libxext6=2:1.3.4-0ubuntu1","libxfixes3=1:5.0.3-2","libxfont2=1:2.0.3-1","libxft2=2.3.3-0ubuntu1","libxi6=2:1.7.10-0ubuntu1","libxinerama1=2:1.1.4-2","libxkbcommon-x11-0=0.10.0-1","libxkbcommon0=0.10.0-1","libxkbfile1=1:1.1.0-1","libxklavier16=5.4-4","libxml-parser-perl=2.46-1","libxml-twig-perl=1:3.50-2","libxml-xpathengine-perl=0.14-1","libxml2=2.9.10+dfsg-5ubuntu0.20.04.4","libxmlb1=0.1.15-2ubuntu1~20.04.1","libxmlsec1-openssl=1.2.28-2","libxmlsec1=1.2.28-2","libxmu6=2:1.1.3-0ubuntu1","libxmuu1=2:1.1.3-0ubuntu1","libxnvctrl0=470.57.01-0ubuntu0.20.04.3","libxpm4=1:3.5.12-1","libxrandr2=2:1.5.2-0ubuntu1","libxrender1=1:0.9.10-1","libxshmfence1=1.3-1","libxslt1.1=1.1.34-4ubuntu0.20.04.1","libxss1=1:1.2.3-1","libxt6=1:1.1.5-1","libxtables12=1.8.4-3ubuntu2","libxtst6=2:1.2.3-1","libxv1=2:1.0.11-1","libxvmc1=2:1.0.12-2","libxxf86dga1=2:1.1.5-0ubuntu1","libxxf86vm1=1:1.1.4-1build1","libyaml-0-2=0.2.2-1","libyelp0=3.36.2-0ubuntu1","libzstd1=1.4.4+dfsg-3ubuntu0.1","linux-base=4.5ubuntu3.7","linux-headers-5.4.0-122-generic=5.4.0-122.138","linux-headers-5.4.0-122=5.4.0-122.138","linux-headers-generic=5.4.0.122.123","linux-libc-dev=5.4.0-126.142","locales=2.31-0ubuntu9.9","login=1:4.8.1-1ubuntu5.20.04.2","logrotate=3.14.0-4ubuntu3","logsave=1.45.5-2ubuntu1.1","lsb-base=11.1.0ubuntu2","lsb-release=11.1.0ubuntu2","lshw=02.18.85-0.3ubuntu2.20.04.1","lsof=4.93.2+dfsg-1ubuntu0.20.04.1","ltrace=0.7.3-6.1ubuntu1","lvm2=2.03.07-1ubuntu1","lxd-agent-loader=0.4","lz4=1.9.2-2ubuntu0.20.04.1","m4=1.4.18-4","make=4.2.1-1.2","man-db=2.9.1-1","manpages-dev=5.05-1","manpages=5.05-1","mawk=1.3.4.20200120-2","mdadm=4.1-5ubuntu1.2","mesa-vdpau-drivers=21.2.6-0ubuntu0.1~20.04.2","mesa-vulkan-drivers=21.2.6-0ubuntu0.1~20.04.2","mime-support=3.64ubuntu1","mobile-broadband-provider-info=20190618-3","modemmanager=1.18.6-1~ubuntu20.04.1","mount=2.34-0.1ubuntu9.3","mousetweaks=3.32.0-2","mtr-tiny=0.93-1","multipath-tools=0.8.3-1ubuntu2","mutter-common=3.36.9-0ubuntu0.20.04.2","mutter=3.36.9-0ubuntu0.20.04.2","mysql-common=5.8+1.0.5ubuntu2","nano=4.8-1ubuntu1","ncurses-base=6.2-0ubuntu2","ncurses-bin=6.2-0ubuntu2","ncurses-term=6.2-0ubuntu2","netbase=6.1","netcat-openbsd=1.206-1ubuntu1","netplan.io=0.104-0ubuntu2~20.04.2","network-manager-gnome=1.8.24-1ubuntu3","network-manager-pptp=1.2.8-2","network-manager=1.22.10-1ubuntu2.3","networkd-dispatcher=2.1-2~ubuntu20.04.3","node-abbrev=1.1.1-2","node-ajv=6.10.2-1","node-ansi-align=3.0.0-1","node-ansi-regex=5.0.0-1","node-ansi-styles=4.2.1-1","node-ansi=0.3.1-1","node-ansistyles=0.1.3-2","node-anymatch=3.1.1+~2.1.1-1","node-aproba=2.0.0-1","node-archy=1.0.0-3","node-are-we-there-yet=1.1.5-1","node-arr-flatten=1.1.0-1","node-array-differ=3.0.0-1","node-array-uniq=1.0.3-1","node-asap=2.0.6-2","node-asn1=0.2.3-2","node-assert-plus=1.0.0-2","node-assert=1.4.1-2","node-async-each=1.0.3-1","node-asynckit=0.4.0-3","node-aws-sign2=0.7.1-2","node-aws4=1.9.0-1","node-balanced-match=1.0.0-1","node-bcrypt-pbkdf=1.0.2-1","node-beeper=2.0.0-2","node-binary-extensions=2.0.0-1","node-bl=4.0.0-2","node-bluebird=3.5.1+dfsg2-2build1","node-boxen=4.2.0-2","node-brace-expansion=1.1.11-1","node-braces=3.0.2-2","node-builtin-modules=3.1.0-1","node-builtins=1.0.3-1","node-cacache=11.3.3-2","node-call-limit=1.1.1-1","node-camelcase=5.3.1-1","node-caseless=0.12.0-1","node-chalk=2.4.2-1","node-chokidar=3.3.1-2","node-chownr=1.1.3-3","node-ci-info=2.0.0-1","node-cli-boxes=2.2.0-2","node-cliui=4.1.0-2","node-clone-buffer=1.0.0-1","node-clone-stats=1.0.0-1","node-clone=2.1.2-1","node-cloneable-readable=2.0.1-3","node-co=4.6.0-1","node-color-convert=1.9.3-1","node-color-name=1.1.3-1","node-colors=1.4.0-1","node-columnify=1.5.4-1","node-combined-stream=1.0.8-1","node-concat-map=0.0.1-2","node-concat-stream=1.6.2-1","node-config-chain=1.1.12-1","node-configstore=5.0.1-1","node-console-control-strings=1.1.0-1","node-convert-source-map=1.6.0-1","node-copy-concurrently=1.0.5-4","node-core-util-is=1.0.2-1","node-cross-spawn=5.1.0-2","node-crypto-random-string=1.0.0-1","node-cyclist=1.0.1-2","node-d=1.0.1-1","node-dashdash=1.14.1-2","node-dateformat=3.0.0-1","node-debug=4.1.1-2","node-decamelize=1.2.0-1","node-decompress-response=3.3.0-1","node-deep-extend=0.6.0-1","node-defaults=1.0.3-1","node-define-properties=1.1.3-1","node-delayed-stream=1.0.0-4","node-delegates=1.0.0-1","node-deprecated=0.0.1-1","node-detect-file=1.0.0-1","node-detect-indent=5.0.0-1","node-detect-newline=2.1.0-1","node-dot-prop=5.2.0-1","node-duplexer3=0.1.4-5","node-duplexify=4.1.1-1","node-ecc-jsbn=0.2.0-2","node-editor=1.0.0-1","node-encoding=0.1.12-3","node-end-of-stream=1.4.4-1","node-err-code=2.0.0+dfsg-1","node-errno=0.1.7-1","node-error-ex=1.3.2-2","node-es5-ext=0.10.30-1","node-es6-iterator=2.0.3-1","node-es6-promise=4.2.8-6","node-es6-symbol=3.1.1-1","node-es6-weak-map=2.0.3-1","node-escape-string-regexp=1.0.5-1","node-esutils=2.0.2-1","node-execa=0.10.0+dfsg-1","node-expand-tilde=2.0.1-1","node-extend-shallow=3.0.2-2","node-extend=3.0.2-1","node-extsprintf=1.3.0-1","node-fancy-log=1.3.3-1","node-fast-deep-equal=1.1.0-1","node-fill-range=7.0.1-2","node-find-up=4.1.0-2","node-findup-sync=4.0.0-2","node-fined=1.0.2-2","node-flagged-respawn=1.0.1-2","node-flush-write-stream=2.0.0-2","node-for-in=1.0.2-1","node-for-own=1.0.0-1","node-forever-agent=0.6.1-2","node-form-data=3.0.0-2","node-from2=2.3.0-1","node-fs-exists-sync=0.1.0-1","node-fs-vacuum=1.2.10-3","node-fs-write-stream-atomic=1.0.10-4","node-fs.realpath=1.0.0-1","node-function-bind=1.1.1+repack-1","node-gauge=2.7.4-1","node-genfun=5.0.0-1","node-get-caller-file=1.0.2-1","node-get-stream=4.1.0-1","node-get-value=1:3.0.1-3","node-getpass=0.1.7-1","node-glob-parent=3.1.0-1","node-glob-stream=6.1.0-3","node-glob=7.1.6-1","node-global-modules=1.0.0-1","node-global-prefix=1.0.2-1","node-globule=1.3.0-1","node-glogg=1.0.2-1","node-got=7.1.0-1","node-graceful-fs=4.2.3-2","node-gulp-util=3.0.8-1","node-gulplog=1.0.0-1","node-gyp=6.1.0-3","node-har-schema=2.0.0-3","node-har-validator=5.1.3-1","node-has-flag=4.0.0-1","node-has-gulplog=0.1.0-1","node-has-symbol-support-x=1.4.1+dfsg-1","node-has-to-string-tag-x=1.4.1+dfsg-1","node-has-unicode=2.0.1-2","node-hosted-git-info=2.8.5-1","node-http-signature=1.3.2-1","node-iconv-lite=0.4.23-1","node-iferr=1.0.2-1","node-import-lazy=3.0.0.REALLY.2.1.0-1","node-imurmurhash=0.1.4-1","node-inflight=1.0.6-1","node-inherits=2.0.4-1","node-ini=1.3.5-1","node-interpret=1.0.1-1","node-invert-kv=1.0.0-1","node-ip-regex=4.1.0-2","node-ip=1.1.5-5","node-is-arrayish=0.3.2-1","node-is-binary-path=2.1.0-1","node-is-buffer=1.1.6-1","node-is-extendable=1.0.1-1","node-is-extglob=2.1.1-1","node-is-glob=4.0.1-1","node-is-negated-glob=1.0.0-1","node-is-npm=1.0.0-1","node-is-number=7.0.0-1","node-is-obj=1.0.1-2","node-is-object=1.0.1-1","node-is-path-inside=1.0.1-1","node-is-plain-obj=1.1.0-1","node-is-plain-object=2.0.4+dfsg-1","node-is-retry-allowed=1.1.0-1","node-is-stream=1.1.0-1","node-is-typedarray=1.0.0-2","node-is-unc-path=1.0.0-1","node-is-valid-glob=1.0.0-2","node-is-windows=1.0.2-1","node-isarray=2.0.5-1","node-isexe=2.0.0-4","node-isobject=3.0.1-1","node-isstream=0.1.2+dfsg-1","node-isurl=4.0.1-2","node-js-tokens=5.0.0-1","node-jsbn=1.1.0-1","node-json-parse-better-errors=1.0.2-2","node-json-schema-traverse=0.3.1-1","node-json-schema=0.2.3-1","node-json-stable-stringify=1.0.1-1","node-json-stringify-safe=5.0.1+repack-2","node-jsonify=0.0.0-1","node-jsonparse=1.3.1-7","node-jsonstream=1.3.5-1","node-jsprim=1.4.1-1","node-kind-of=6.0.3+dfsg-1","node-latest-version=3.1.0-1","node-lazy-property=1.0.0-3","node-lazystream=1.0.0-2","node-lcid=1.0.0-1","node-libnpx=10.2.1-2","node-liftoff=3.1.0-4","node-locate-path=5.0.0-2","node-lockfile=1.0.4-3","node-lodash-packages=4.17.15+dfsg-2","node-lodash-reescape=3.0.0-1","node-lodash-reevaluate=3.0.0-1","node-lodash=4.17.15+dfsg-2","node-lowercase-keys=2.0.0-1","node-lru-cache=5.1.1-5","node-make-dir=3.0.2-1","node-map-cache=0.2.2-3","node-mem=1.1.0-1","node-micromatch=4.0.2+repack-2","node-mime-types=2.1.25-1","node-mime=2.4.4+dfsg-1","node-mimic-fn=3.0.0-1","node-mimic-response=2.1.0-1","node-minimatch=3.0.4-4","node-minimist=1.2.5-1","node-mississippi=3.0.0-1","node-mkdirp=0.5.1-2","node-move-concurrently=1.0.1-2","node-ms=2.1.1-1","node-multipipe=1.0.2-1","node-mute-stream=0.0.8-2","node-nopt=3.0.6-4","node-normalize-package-data=2.5.0-1","node-normalize-path=3.0.0-2","node-npm-bundled=1.1.1-1","node-npm-package-arg=6.1.1-1","node-npm-run-path=2.0.2-2","node-npmlog=4.1.2-2","node-number-is-nan=2.0.0-1","node-oauth-sign=0.9.0-2","node-object-assign=4.1.1-3","node-once=1.4.0-3","node-opener=1.5.1-1","node-orchestrator=0.3.8-1","node-ordered-read-streams=1.0.1-2","node-os-locale=4.0.0-1","node-os-tmpdir=1.0.2-1","node-osenv=0.1.5-1","node-p-cancelable=0.3.0-1","node-p-finally=1.0.0-2","node-p-is-promise=3.0.0-1","node-p-limit=2.2.2-1","node-p-locate=2.0.0-1","node-p-timeout=1.2.0-1","node-package-json=4.0.1-1","node-parallel-transform=1.1.0-2","node-parse-filepath=1.0.1-1","node-parse-json=5.0.0-2","node-path-dirname=1.0.2-1","node-path-exists=4.0.0-2","node-path-is-absolute=2.0.0-1","node-path-is-inside=1.0.2-1","node-path-root-regex=0.1.2-1","node-path-root=0.1.1-1","node-performance-now=2.1.0+debian-1","node-pify=3.0.0-1","node-pinkie-promise=2.0.1-1","node-pinkie=2.0.4-1","node-prepend-http=2.0.0-1","node-pretty-hrtime=1.0.3-1","node-process-nextick-args=2.0.0-1","node-promise-inflight=1.0.1-1","node-promise-retry=1.1.1-4","node-promzard=0.3.0-1","node-proto-list=1.2.4-1","node-prr=1.0.1-1","node-pseudomap=1.0.2-1","node-psl=1.7.0+ds-1","node-pump=3.0.0-2","node-pumpify=2.0.1-1","node-punycode=2.1.1-3","node-qs=6.9.1+ds-1","node-qw=1.0.1-1","node-rc=1.2.8-1","node-read-package-json=2.1.1-1","node-read=1.0.7-2","node-readable-stream=3.4.0-2","node-readdirp=3.3.0-2","node-rechoir=0.6.2-1","node-registry-auth-token=3.3.1-1","node-registry-url=3.1.0-1","node-remove-trailing-separator=1.0.1-1","node-repeat-string=1.6.1-1","node-replace-ext=1.0.0-1","node-request=2.88.1-4","node-require-directory=2.1.1-1","node-require-main-filename=1.0.1-1","node-resolve-dir=1.0.1-2","node-resolve-from=4.0.0-1","node-resolve=1.15.1-3","node-retry=0.12.0-1","node-rimraf=2.6.3-1","node-run-queue=1.0.3-1","node-safe-buffer=5.2.0-1","node-semver-diff=2.1.0-2","node-semver=7.1.3-1","node-sequencify=0.0.7-1","node-set-blocking=2.0.0-1","node-set-immediate-shim=1.0.1-1","node-sha=3.0.0-1","node-shebang-command=1.2.0-1","node-shebang-regex=2.0.0-1","node-signal-exit=3.0.2-1","node-slash=3.0.0-1","node-slide=1.1.6-2","node-sorted-object=2.0.1-1","node-sparkles=1.0.0-1","node-spdx-correct=3.1.0-1","node-spdx-exceptions=2.2.0-1","node-spdx-expression-parse=3.0.0-1","node-spdx-license-ids=3.0.5-1","node-sshpk=1.16.1+dfsg-2","node-ssri=7.1.0-2","node-stream-consume=0.1.0-1","node-stream-each=1.2.3-1","node-stream-iterate=1.2.0-4","node-stream-shift=1.0.0-1","node-strict-uri-encode=2.0.0-1","node-string-decoder=1.2.0-2","node-string-width=2.1.1-1","node-strip-ansi=6.0.0-2","node-strip-eof=1.0.0-2","node-strip-json-comments=3.0.1-3","node-supports-color=6.1.0-2","node-tar=4.4.10+ds1-2ubuntu1","node-term-size=1.2.0+dfsg-2","node-text-table=0.2.0-2","node-through2-filter=2.0.0-1","node-through2=3.0.1-2","node-through=2.3.8-1","node-tildify=2.0.0-1","node-time-stamp=1.0.1-1","node-timed-out=4.0.1-5","node-to-absolute-glob=2.0.1-1","node-to-regex-range=5.0.1-2","node-tough-cookie=3.0.0-1","node-tunnel-agent=0.6.1-2","node-tweetnacl=1.0.1+dfsg-2","node-typedarray-to-buffer=3.0.3-3","node-typedarray=0.0.6-1","node-uid-number=0.0.6-1ubuntu0.20.04.1","node-unc-path-regex=0.1.2-1","node-unique-filename=1.1.1+ds-1","node-unique-stream=2.2.1-1","node-unique-string=1.0.0-1","node-unpipe=1.0.0-1","node-uri-js=4.2.2+dfsg-5","node-url-parse-lax=1.0.0-1","node-url-to-options=1.0.1-1","node-util-deprecate=1.0.2-1","node-util=0.10.3-2","node-uuid=3.3.2-2","node-v8flags=3.1.2-3","node-validate-npm-package-license=3.0.4-1","node-validate-npm-package-name=3.0.0-1","node-verror=1.10.0-1","node-vinyl-fs=3.0.3-5","node-vinyl=2.2.0-1","node-wcwidth.js=1.0.0-1","node-which-module=2.0.0-1","node-which=2.0.2-1","node-wide-align=1.1.3-1","node-widest-line=3.1.0-1","node-wrap-ansi=4.0.0-2","node-wrappy=1.0.2-1","node-write-file-atomic=3.0.3-1","node-xdg-basedir=3.0.0-1","node-xtend=4.0.2-1","node-y18n=4.0.0-2","node-yallist=4.0.0-1","node-yargs-parser=18.1.1-1","node-yargs=15.3.0-1","nodejs-doc=10.19.0~dfsg-3ubuntu1","nodejs=10.19.0~dfsg-3ubuntu1","npm=6.14.4+ds-1ubuntu2","nsight-compute-2022.3.0=2022.3.0.22-1","nsight-systems-2022.4.2=2022.4.2.1-df9881f","ntfs-3g=1:2017.3.23AR.3-3ubuntu1.2","nvidia-compute-utils-510=510.85.02-0ubuntu0.20.04.1","nvidia-compute-utils-515=515.65.01-0ubuntu0.20.04.1","nvidia-dkms-510=510.85.02-0ubuntu0.20.04.1","nvidia-dkms-515=515.65.01-0ubuntu0.20.04.1","nvidia-driver-495=515.48.07-0ubuntu0.20.04.1","nvidia-driver-515=515.65.01-0ubuntu0.20.04.1","nvidia-kernel-common-510=510.85.02-0ubuntu0.20.04.1","nvidia-kernel-common-515=515.65.01-0ubuntu0.20.04.1","nvidia-kernel-source-515=515.65.01-0ubuntu0.20.04.1","nvidia-prime=0.8.16~0.20.04.2","nvidia-settings=470.57.01-0ubuntu0.20.04.3","nvidia-utils-515=515.65.01-0ubuntu0.20.04.1","open-iscsi=2.0.874-7.1ubuntu6.2","open-vm-tools=2:11.3.0-2ubuntu0~ubuntu20.04.3","openjdk-11-jre-headless=11.0.16+8-0ubuntu1~20.04","openjdk-11-jre=11.0.16+8-0ubuntu1~20.04","openssh-client=1:8.2p1-4ubuntu0.5","openssh-server=1:8.2p1-4ubuntu0.5","openssh-sftp-server=1:8.2p1-4ubuntu0.5","openssl=1.1.1f-1ubuntu2.16","overlayroot=0.45ubuntu2","p11-kit-modules=0.23.20-1ubuntu0.1","p11-kit=0.23.20-1ubuntu0.1","packagekit-tools=1.1.13-2ubuntu1.1","packagekit=1.1.13-2ubuntu1.1","parted=3.3-4ubuntu0.20.04.1","passwd=1:4.8.1-1ubuntu5.20.04.2","pastebinit=1.5.1-1","patch=2.7.6-6","pci.ids=0.0~2020.03.20-1","pciutils=1:3.6.4-1ubuntu0.20.04.1","perl-base=5.30.0-9ubuntu0.2","perl-modules-5.30=5.30.0-9ubuntu0.2","perl-openssl-defaults=4","perl=5.30.0-9ubuntu0.2","pinentry-curses=1.1.0-3build1","pinentry-gnome3=1.1.0-3build1","pkg-config=0.29.1-0ubuntu4","plymouth-theme-ubuntu-text=0.9.4git20200323-0ubuntu6.2","plymouth=0.9.4git20200323-0ubuntu6.2","policykit-1=0.105-26ubuntu1.3","pollinate=4.33-3ubuntu1.20.04.1","popularity-contest=1.69ubuntu1","powermgmt-base=1.36","ppp=2.4.7-2+4.1ubuntu5.1","pptp-linux=1.10.0-1build1","procps=2:3.3.16-1ubuntu2.3","psmisc=23.3-1","publicsuffix=20200303.0012-1","pulseaudio-module-bluetooth=1:13.99.1-1ubuntu3.13","pulseaudio-utils=1:13.99.1-1ubuntu3.13","pulseaudio=1:13.99.1-1ubuntu3.13","pyqt5-dev-tools=5.14.1+dfsg-3build1","python-apt-common=2.0.0ubuntu0.20.04.8","python-atomicwrites=1.1.5-2build1","python-attr=19.3.0-2","python-configparser=3.5.0b2-3build1","python-contextlib2=0.6.0-2","python-funcsigs=1.0.2-4build1","python-importlib-metadata=1.5.0-1","python-more-itertools=4.2.0-1build1","python-packaging=20.3-1","python-pathlib2=2.3.5-1ubuntu1","python-pip-whl=20.0.2-5ubuntu1.6","python-pkg-resources=44.0.0-2","python-pluggy=0.13.0-2","python-py=1.8.1-1ubuntu0.1","python-pyparsing=2.4.6-1","python-pytest=4.6.9-1","python-scandir=1.10.0-2ubuntu3","python-six=1.14.0-2","python-wcwidth=0.1.8+dfsg1-3","python-zipp=1.0.0-1","python2-minimal=2.7.17-2ubuntu4","python2.7-minimal=2.7.18-1~20.04.3","python2.7=2.7.18-1~20.04.3","python2=2.7.17-2ubuntu4","python3-apport=2.20.11-0ubuntu27.24","python3-apt=2.0.0ubuntu0.20.04.8","python3-aptdaemon.gtk3widgets=1.1.1+bzr982-0ubuntu32.3","python3-aptdaemon=1.1.1+bzr982-0ubuntu32.3","python3-attr=19.3.0-2","python3-automat=0.8.0-1ubuntu1","python3-blinker=1.4+dfsg1-0.3ubuntu1","python3-cairo=1.16.2-2ubuntu2","python3-certifi=2019.11.28-1","python3-cffi-backend=1.14.0-1build1","python3-chardet=3.0.4-4build1","python3-click=7.0-3","python3-colorama=0.4.3-1build1","python3-commandnotfound=20.04.6","python3-configobj=5.0.6-4","python3-constantly=15.1.0-1build1","python3-cryptography=2.8-3ubuntu0.1","python3-cups=1.9.73-3build1","python3-cupshelpers=1.5.12-0ubuntu1.1","python3-dbus=1.2.16-1build1","python3-debconf=1.5.73","python3-debian=0.1.36ubuntu1","python3-defer=1.0.6-2.1","python3-dev=3.8.2-0ubuntu2","python3-distro-info=0.23ubuntu1","python3-distro=1.4.0-1","python3-distupgrade=1:20.04.39","python3-distutils=3.8.10-0ubuntu1~20.04","python3-entrypoints=0.3-2ubuntu1","python3-gdbm=3.8.10-0ubuntu1~20.04","python3-gi=3.36.0-1","python3-hamcrest=1.9.0-3","python3-httplib2=0.14.0-1ubuntu1","python3-hyperlink=19.0.0-1","python3-ibus-1.0=1.5.22-2ubuntu2.1","python3-idna=2.8-1","python3-importlib-metadata=1.5.0-1","python3-incremental=16.10.1-3.2","python3-jinja2=2.10.1-2","python3-json-pointer=2.0-0ubuntu1","python3-jsonpatch=1.23-3","python3-jsonschema=3.2.0-0ubuntu2","python3-jwt=1.7.1-2ubuntu2.1","python3-keyring=18.0.1-2ubuntu1","python3-launchpadlib=1.10.13-1","python3-lazr.restfulclient=0.14.2-2build1","python3-lazr.uri=1.0.3-4build1","python3-ldb=2:2.2.3-0ubuntu0.20.04.3","python3-lib2to3=3.8.10-0ubuntu1~20.04","python3-macaroonbakery=1.3.1-1","python3-markupsafe=1.1.0-1build2","python3-minimal=3.8.2-0ubuntu2","python3-more-itertools=4.2.0-1build1","python3-nacl=1.3.0-5","python3-netifaces=0.10.4-1ubuntu4","python3-newt=0.52.21-4ubuntu2","python3-oauthlib=3.1.0-1ubuntu2","python3-openssl=19.0.0-1build1","python3-pip=20.0.2-5ubuntu1.6","python3-pkg-resources=45.2.0-1","python3-problem-report=2.20.11-0ubuntu27.24","python3-protobuf=3.6.1.3-2ubuntu5","python3-pyasn1-modules=0.2.1-0.2build1","python3-pyasn1=0.4.2-3build1","python3-pymacaroons=0.13.0-3","python3-pyqt5=5.14.1+dfsg-3build1","python3-pyrsistent=0.15.5-1build1","python3-requests-unixsocket=0.2.0-2","python3-requests=2.22.0-2ubuntu1","python3-rfc3339=1.1-2","python3-secretstorage=2.3.1-2ubuntu1","python3-serial=3.4-5.1","python3-service-identity=18.1.0-5build1","python3-setuptools=45.2.0-1","python3-simplejson=3.16.0-2ubuntu2","python3-sip=4.19.21+dfsg-1build1","python3-six=1.14.0-2","python3-software-properties=0.99.9.8","python3-systemd=234-3build2","python3-talloc=2.3.1-0ubuntu0.20.04.1","python3-twisted-bin=18.9.0-11ubuntu0.20.04.2","python3-twisted=18.9.0-11ubuntu0.20.04.2","python3-tz=2019.3-1","python3-update-manager=1:20.04.10.10","python3-urllib3=1.25.8-2ubuntu0.1","python3-venv=3.8.2-0ubuntu2","python3-wadllib=1.3.3-3build1","python3-wheel=0.34.2-1","python3-xkit=0.5.0ubuntu4","python3-yaml=5.3.1-1ubuntu0.1","python3-zipp=1.0.0-1","python3-zope.interface=4.7.1-1","python3.8-dev=3.8.10-0ubuntu1~20.04.5","python3.8-minimal=3.8.10-0ubuntu1~20.04.5","python3.8-venv=3.8.10-0ubuntu1~20.04.5","python3.8=3.8.10-0ubuntu1~20.04.5","python3=3.8.2-0ubuntu2","qt5-gtk-platformtheme=5.12.8+dfsg-0ubuntu2.1","qttranslations5-l10n=5.12.8-0ubuntu1","rake=13.0.1-4","readline-common=8.0-4","ri=1:2.7+1","rsync=3.1.3-8ubuntu0.4","rsyslog=8.2001.0-1ubuntu1.3","rtkit=0.12-4","ruby-dev=1:2.7+1","ruby-full=1:2.7+1","ruby-minitest=5.13.0-1","ruby-net-telnet=0.1.1-2","ruby-power-assert=1.1.7-1","ruby-test-unit=3.3.5-1","ruby-xmlrpc=0.3.0-2","ruby2.7-dev=2.7.0-5ubuntu1.7","ruby2.7-doc=2.7.0-5ubuntu1.7","ruby2.7=2.7.0-5ubuntu1.7","ruby=1:2.7+1","rubygems-integration=1.16","run-one=1.17-0ubuntu1","rygel=0.38.3-1ubuntu1","samba-libs=2:4.13.17~dfsg-0ubuntu1.20.04.1","sane-utils=1.0.29-0ubuntu5.2","sbsigntool=0.9.2-2ubuntu1.1","screen-resolution-extra=0.18build1","screen=4.8.0-1ubuntu0.1","secureboot-db=1.5","sed=4.7-1","sensible-utils=0.0.12+nmu1","session-migration=0.3.5","sg3-utils-udev=1.44-1ubuntu2","sg3-utils=1.44-1ubuntu2","sgml-base=1.29.1","sgml-data=2.0.11","shared-mime-info=1.15-1","show-motd=3.6-0ubuntu6.1","snapd=2.55.5+20.04","software-properties-common=0.99.9.8","sosreport=3.9-1ubuntu2","sound-theme-freedesktop=0.8-2ubuntu1","squashfs-tools=1:4.4-1ubuntu0.3","ssh-import-id=5.10-0ubuntu1","strace=5.5-3ubuntu1","sudo=1.8.31-1ubuntu1.2","switcheroo-control=2.1-1","system-config-printer-common=1.5.12-0ubuntu1.1","system-config-printer-udev=1.5.12-0ubuntu1.1","system-config-printer=1.5.12-0ubuntu1.1","systemd-sysv=245.4-4ubuntu3.17","systemd-timesyncd=245.4-4ubuntu3.17","systemd=245.4-4ubuntu3.17","sysvinit-utils=2.96-2.1ubuntu1","tar=1.30+dfsg-7ubuntu0.20.04.2","tcpdump=4.9.3-4ubuntu0.1","telnet=0.17-41.2build1","tesseract-ocr-eng=1:5.0.0~git39-6572757-2ppa1~focal1","tesseract-ocr-osd=1:5.0.0~git39-6572757-2ppa1~focal1","tesseract-ocr=5.2.0+git6060-3559ff7e-1ppa1~focal1","thin-provisioning-tools=0.8.5-4build1","time=1.7-25.1build1","tmux=3.0a-2ubuntu0.3","tpm-udev=0.4","tree=1.8.0-1","tzdata=2022c-0ubuntu0.20.04.0","ubuntu-advantage-tools=20.3","ubuntu-docs=20.04.3","ubuntu-keyring=2020.02.11.4","ubuntu-minimal=1.450.2","ubuntu-mono=19.04-0ubuntu3","ubuntu-release-upgrader-core=1:20.04.39","ubuntu-server=1.450","ubuntu-session=3.36.0-2ubuntu1","ubuntu-standard=1.450.2","ubuntu-wallpapers-focal=20.04.2-0ubuntu1","ubuntu-wallpapers=20.04.2-0ubuntu1","ubuntu-wsl=1.450.2","ucf=3.0038+nmu1","udev=245.4-4ubuntu3.17","ufw=0.36-6ubuntu1","unattended-upgrades=2.3ubuntu0.3","unzip=6.0-25ubuntu1","update-inetd=4.50","update-manager-core=1:20.04.10.10","update-motd=3.6-0ubuntu6.1","update-notifier-common=3.192.30.11","upower=0.99.11-1build2","usb-modeswitch-data=20191128-3","usb-modeswitch=2.5.2+repack0-2ubuntu3","usb.ids=2020.03.19-1","usbmuxd=1.1.1~git20191130.9af2b12-1","usbutils=1:012-2","util-linux=2.34-0.1ubuntu9.3","uuid-runtime=2.34-0.1ubuntu9.3","vdpau-driver-all=1.3-1ubuntu2","vim-common=2:8.1.2269-1ubuntu5.9","vim-runtime=2:8.1.2269-1ubuntu5.9","vim-tiny=2:8.1.2269-1ubuntu5.9","vim=2:8.1.2269-1ubuntu5.9","wamerican=2018.04.16-1","wget=1.20.3-1ubuntu2","whiptail=0.52.21-4ubuntu2","whoopsie-preferences=22","wireless-regdb=2022.06.06-0ubuntu1~20.04.1","wpasupplicant=2:2.9-1ubuntu4.3","wslu=2.3.6-0ubuntu2~20.04.0","x11-common=1:7.7+19ubuntu14","x11-utils=7.7+5","x11-xkb-utils=7.7+5","x11-xserver-utils=7.7+8","xauth=1:1.1-0ubuntu1","xdg-dbus-proxy=0.1.2-1","xdg-user-dirs=0.17-2ubuntu1","xdg-utils=1.1.3-2ubuntu1.20.04.2","xfonts-base=1:1.0.5","xfonts-encodings=1:1.0.5-0ubuntu1","xfonts-utils=1:7.7+6","xfsprogs=5.3.0-1ubuntu2","xkb-data=2.29-2","xml-core=0.18+nmu1","xserver-common=2:1.20.13-1ubuntu1~20.04.3","xserver-xephyr=2:1.20.13-1ubuntu1~20.04.3","xserver-xorg-core=2:1.20.13-1ubuntu1~20.04.3","xserver-xorg-input-all=1:7.7+19ubuntu14","xserver-xorg-input-libinput=0.29.0-1","xserver-xorg-input-wacom=1:0.39.0-0ubuntu1","xserver-xorg-legacy=2:1.20.13-1ubuntu1~20.04.3","xserver-xorg-video-all=1:7.7+19ubuntu14","xserver-xorg-video-amdgpu=19.1.0-1ubuntu0.1","xserver-xorg-video-ati=1:19.1.0-1","xserver-xorg-video-fbdev=1:0.5.0-1ubuntu1","xserver-xorg-video-intel=2:2.99.917+git20200226-1","xserver-xorg-video-nouveau=1:1.0.16-1","xserver-xorg-video-nvidia-515=515.65.01-0ubuntu0.20.04.1","xserver-xorg-video-qxl=0.1.5+git20200331-1","xserver-xorg-video-radeon=1:19.1.0-1","xserver-xorg-video-vesa=1:2.4.0-2","xserver-xorg-video-vmware=1:13.3.0-3","xserver-xorg=1:7.7+19ubuntu14","xwayland=2:1.20.13-1ubuntu1~20.04.3","xxd=2:8.1.2269-1ubuntu5.9","xz-utils=5.2.4-1ubuntu1.1","yaru-theme-gnome-shell=20.04.11.1","yelp-xsl=3.36.0-1","yelp=3.36.2-0ubuntu1","zenity-common=3.32.0-5","zenity=3.32.0-5","zerofree=1.1.1-1","zip=3.0-11build1","zlib1g-dev=1:1.2.11.dfsg-2ubuntu1.3","zlib1g=1:1.2.11.dfsg-2ubuntu1.3"]},"type":"ws_msg"}
{"payload":{"env_details":{"command":["/mnt/d/GitHub/IFT6758-A2022-G08/src/models/train_model.py"],"env":null,"hostname":"LP-CAMTL-FIDAA1","ip":"192.168.132.69","machine":"x86_64","os":"Linux-4.4.0-19041-Microsoft-x86_64-with-glibc2.31","os_release":"4.4.0-19041-Microsoft","os_type":"Linux","pid":5965,"processor":"x86_64","python_exe":"/home/fidaa/anaconda3/envs/NHL/bin/python","python_version":"3.9.13","python_version_verbose":"3.9.13 (main, Aug 25 2022, 23:26:10) \n[GCC 11.2.0]","user":"fidaa"},"local_timestamp":1669158579736},"type":"ws_msg"}
{"payload":{"local_timestamp":1669158579767,"metric":{"epoch":null,"metricName":"sys.cpu.percent.avg","metricValue":24.2375,"step":null}},"type":"metric_msg"}
{"payload":{"local_timestamp":1669158579767,"metric":{"epoch":null,"metricName":"sys.cpu.percent.01","metricValue":23.1,"step":null}},"type":"metric_msg"}
{"payload":{"local_timestamp":1669158579768,"metric":{"epoch":null,"metricName":"sys.cpu.percent.02","metricValue":17.9,"step":null}},"type":"metric_msg"}
{"payload":{"local_timestamp":1669158579768,"metric":{"epoch":null,"metricName":"sys.cpu.percent.03","metricValue":26.1,"step":null}},"type":"metric_msg"}
{"payload":{"local_timestamp":1669158579768,"metric":{"epoch":null,"metricName":"sys.cpu.percent.04","metricValue":22.8,"step":null}},"type":"metric_msg"}
{"payload":{"local_timestamp":1669158579768,"metric":{"epoch":null,"metricName":"sys.cpu.percent.05","metricValue":25.9,"step":null}},"type":"metric_msg"}
{"payload":{"local_timestamp":1669158579768,"metric":{"epoch":null,"metricName":"sys.cpu.percent.06","metricValue":25.0,"step":null}},"type":"metric_msg"}
{"payload":{"local_timestamp":1669158579768,"metric":{"epoch":null,"metricName":"sys.cpu.percent.07","metricValue":27.8,"step":null}},"type":"metric_msg"}
{"payload":{"local_timestamp":1669158579768,"metric":{"epoch":null,"metricName":"sys.cpu.percent.08","metricValue":25.3,"step":null}},"type":"metric_msg"}
{"payload":{"local_timestamp":1669158579768,"metric":{"epoch":null,"metricName":"sys.load.avg","metricValue":0.52,"step":null}},"type":"metric_msg"}
{"payload":{"local_timestamp":1669158579768,"metric":{"epoch":null,"metricName":"sys.ram.total","metricValue":17095561216,"step":null}},"type":"metric_msg"}
{"payload":{"local_timestamp":1669158579768,"metric":{"epoch":null,"metricName":"sys.ram.used","metricValue":13714796544,"step":null}},"type":"metric_msg"}
{"payload":{"git_meta":{"branch":"refs/heads/master","origin":"https://github.com/AlainFidahoussen/IFT6758-A2022-G08.git","parent":"b53eb3228505382b5cae98811bc547b732177e4e","repo_name":"IFT6758-A2022-G08","root":"2465e68cc84c6155e696628cc483840d38e44162","status":null,"user":"Alain Fidahoussen"},"local_timestamp":1669158579881},"type":"ws_msg"}
{"payload":{"local_timestamp":1669158579975,"param":{"paramName":"max_depth","paramValue":20,"source":"auto-logged","step":null}},"type":"parameter_msg"}
{"payload":{"local_timestamp":1669158579976,"param":{"paramName":"n_estimators","paramValue":179,"source":"auto-logged","step":null}},"type":"parameter_msg"}
{"payload":{"local_timestamp":1669158579976,"param":{"paramName":"sampling_strategy","paramValue":0.8,"source":"auto-logged","step":null}},"type":"parameter_msg"}
{"payload":{"local_timestamp":1669158579976,"log_other":{"key":"optimizer_id","val":"edc10fb3dbb9464287e0bbc9c5b08761"}},"type":"ws_msg"}
{"payload":{"local_timestamp":1669158579976,"log_other":{"key":"optimizer_pid","val":"408dcb3854f8f0eaa053530e7508c5eb39699134"}},"type":"ws_msg"}
{"payload":{"local_timestamp":1669158579976,"log_other":{"key":"optimizer_trial","val":1}},"type":"ws_msg"}
{"payload":{"local_timestamp":1669158579980,"stderr":true,"stdout":"COMET INFO: Experiment is live on comet.com https://www.comet.com/ift6758-a22-g08/hyperparameters-balancedrandomforest-binning/e73be58df8b34b6aa6fc80f4729632a1\n\n"},"type":"ws_msg"}
{"payload":{"additional_params":null,"clean":true,"file_path":"tmphna7ptpr..zip","local_timestamp":1669158600592,"metadata":{},"upload_type":"git-patch"},"type":"file_upload"}
{"payload":{"local_timestamp":1669158602940,"stderr":true,"stdout":"Traceback (most recent call last):\n  File \"/mnt/d/GitHub/IFT6758-A2022-G08/src/models/train_model.py\", line 16, in <module>\n"},"type":"ws_msg"}
{"payload":{"local_timestamp":1669158602941,"stderr":true,"stdout":"    HP_RandomForest.RandomForestHyperParameters(\"Hyperparameters-BalancedRandomForest_Binning\")\n  File \"/mnt/d/GitHub/IFT6758-A2022-G08/src/models/HP_RandomForest.py\", line 227, in RandomForestHyperParameters\n"},"type":"ws_msg"}
{"payload":{"local_timestamp":1669158602942,"stderr":true,"stdout":"    run_search(experiment, pipeline, X_train, y_train, cv)\n  File \"/mnt/d/GitHub/IFT6758-A2022-G08/src/models/HP_RandomForest.py\", line 99, in run_search\n"},"type":"ws_msg"}
{"payload":{"local_timestamp":1669158602943,"stderr":true,"stdout":"    results = cross_validate(\n"},"type":"ws_msg"}
{"payload":{"local_timestamp":1669158602944,"stderr":true,"stdout":"  File \"/home/fidaa/anaconda3/envs/NHL/lib/python3.9/site-packages/sklearn/model_selection/_validation.py\", line 285, in cross_validate\n"},"type":"ws_msg"}
{"payload":{"local_timestamp":1669158602945,"stderr":true,"stdout":"    _warn_or_raise_about_fit_failures(results, error_score)\n  File \"/home/fidaa/anaconda3/envs/NHL/lib/python3.9/site-packages/sklearn/model_selection/_validation.py\", line 367, in _warn_or_raise_about_fit_failures\n"},"type":"ws_msg"}
{"payload":{"local_timestamp":1669158602946,"stderr":true,"stdout":"    raise ValueError(all_fits_failed_message)\n"},"type":"ws_msg"}
{"payload":{"local_timestamp":1669158602947,"stderr":true,"stdout":"ValueError: \nAll the 5 fits failed.\nIt is very likely that your model is misconfigured.\nYou can try to debug the error by setting error_score='raise'.\n\nBelow are more details about the failures:\n--------------------------------------------------------------------------------\n5 fits failed with the following error:\nTraceback (most recent call last):\n  File \"/home/fidaa/anaconda3/envs/NHL/lib/python3.9/site-packages/sklearn/model_selection/_validation.py\", line 686, in _fit_and_score\n    estimator.fit(X_train, y_train, **fit_params)\n  File \"/home/fidaa/anaconda3/envs/NHL/lib/python3.9/site-packages/imblearn/pipeline.py\", line 272, in fit\n    self._final_estimator.fit(Xt, yt, **fit_params_last_step)\n  File \"/home/fidaa/anaconda3/envs/NHL/lib/python3.9/site-packages/imblearn/ensemble/_forest.py\", line 443, in fit\n    X, y = self._validate_data(\n  File \"/home/fidaa/anaconda3/envs/NHL/lib/python3.9/site-packages/sklearn/base.py\", line 596, in _validate_data\n    X, y = check_X_y(X, y, **check_params)\n  File \"/home/f"},"type":"ws_msg"}
{"payload":{"local_timestamp":1669158602947,"stderr":true,"stdout":"idaa/anaconda3/envs/NHL/lib/python3.9/site-packages/sklearn/utils/validation.py\", line 1074, in check_X_y\n    X = check_array(\n  File \"/home/fidaa/anaconda3/envs/NHL/lib/python3.9/site-packages/sklearn/utils/validation.py\", line 856, in check_array\n    array = np.asarray(array, order=order, dtype=dtype)\nValueError: could not convert string to float: 'Wrist Shot'\n\n"},"type":"ws_msg"}
{"payload":{"additional_params":{"assetId":"6209b9666dba417c810317eac3d6916f","context":null,"epoch":null,"extension":"yml","fileName":"conda-environment.yml","overwrite":false,"runId":"b3N41BWmQKOISUipTuU6PlzbB","step":null,"type":"conda-environment-definition"},"clean":true,"file_path":"tmpp69onujz","local_timestamp":1669158617256,"metadata":{},"upload_type":"conda-environment-definition"},"type":"file_upload"}
{"payload":{"additional_params":{"assetId":"57033a9a4e594efbbfc22bcc48179ad0","context":null,"epoch":null,"extension":"txt","fileName":"conda-spec.txt","overwrite":false,"runId":"b3N41BWmQKOISUipTuU6PlzbB","step":null,"type":"conda-specification"},"clean":true,"file_path":"tmp6ivlo0h5","local_timestamp":1669158620301,"metadata":{},"upload_type":"conda-specification"},"type":"file_upload"}
{"payload":{"additional_params":{"assetId":"70e18b9a879d446ca4e3fee50658d8b1","context":null,"epoch":null,"extension":"yml","fileName":"conda-info.yml","overwrite":false,"runId":"b3N41BWmQKOISUipTuU6PlzbB","step":null,"type":"conda-info"},"clean":true,"file_path":"tmptm2bz3jf","local_timestamp":1669158622649,"metadata":{},"upload_type":"conda-info"},"type":"file_upload"}
{"payload":{"local_timestamp":1669158622698,"stderr":true,"stdout":"COMET INFO: Optimizer metrics is 'cv_mean_test_f1_macro' but no logged values found. Experiment ignored in sweep.\n"},"type":"ws_msg"}
{"payload":{"local_timestamp":1669158622755,"log_other":{"key":"optimizer_metric","val":"cv_mean_test_f1_macro"}},"type":"ws_msg"}
{"payload":{"local_timestamp":1669158622755,"log_other":{"key":"optimizer_metric_value","val":null}},"type":"ws_msg"}
{"payload":{"local_timestamp":1669158622755,"log_other":{"key":"optimizer_version","val":"2.0.1"}},"type":"ws_msg"}
{"payload":{"local_timestamp":1669158622755,"log_other":{"key":"optimizer_process","val":5965}},"type":"ws_msg"}
{"payload":{"local_timestamp":1669158622755,"log_other":{"key":"optimizer_count","val":1}},"type":"ws_msg"}
{"payload":{"local_timestamp":1669158622755,"log_other":{"key":"optimizer_objective","val":"minimum"}},"type":"ws_msg"}
{"payload":{"local_timestamp":1669158622755,"log_other":{"key":"optimizer_name","val":"Bayes Optimization"}},"type":"ws_msg"}
{"payload":{"local_timestamp":1669158622755,"log_other":{"key":"optimizer_parameters","val":"{\"max_depth\": 20, \"n_estimators\": 179, \"sampling_strategy\": 0.8}"}},"type":"ws_msg"}
{"payload":{"local_timestamp":1669158622756,"stderr":true,"stdout":"COMET INFO: ---------------------------\n"},"type":"ws_msg"}
{"payload":{"local_timestamp":1669158622756,"stderr":true,"stdout":"COMET INFO: Comet.ml Experiment Summary\n"},"type":"ws_msg"}
{"payload":{"local_timestamp":1669158622757,"stderr":true,"stdout":"COMET INFO: ---------------------------\n"},"type":"ws_msg"}
{"payload":{"local_timestamp":1669158622758,"stderr":true,"stdout":"COMET INFO:   Data:\n"},"type":"ws_msg"}
{"payload":{"local_timestamp":1669158622759,"stderr":true,"stdout":"COMET INFO:     display_summary_level : 1\n"},"type":"ws_msg"}
{"payload":{"local_timestamp":1669158622760,"stderr":true,"stdout":"COMET INFO:     url                   : https://www.comet.com/ift6758-a22-g08/hyperparameters-balancedrandomforest-binning/e73be58df8b34b6aa6fc80f4729632a1\n"},"type":"ws_msg"}
{"payload":{"local_timestamp":1669158622761,"stderr":true,"stdout":"COMET INFO:   Others:\n"},"type":"ws_msg"}
{"payload":{"local_timestamp":1669158622761,"stderr":true,"stdout":"COMET INFO:     optimizer_count        : 1\n"},"type":"ws_msg"}
{"payload":{"local_timestamp":1669158622762,"stderr":true,"stdout":"COMET INFO:     optimizer_id           : edc10fb3dbb9464287e0bbc9c5b08761\n"},"type":"ws_msg"}
{"payload":{"local_timestamp":1669158622762,"stderr":true,"stdout":"COMET INFO:     optimizer_metric       : cv_mean_test_f1_macro\n"},"type":"ws_msg"}
{"payload":{"local_timestamp":1669158622763,"stderr":true,"stdout":"COMET INFO:     optimizer_metric_value : 1\n"},"type":"ws_msg"}
{"payload":{"local_timestamp":1669158622764,"stderr":true,"stdout":"COMET INFO:     optimizer_name         : Bayes Optimization\n"},"type":"ws_msg"}
{"payload":{"local_timestamp":1669158622764,"stderr":true,"stdout":"COMET INFO:     optimizer_objective    : minimum\n"},"type":"ws_msg"}
{"payload":{"local_timestamp":1669158622765,"stderr":true,"stdout":"COMET INFO:     optimizer_parameters   : {\"max_depth\": 20, \"n_estimators\": 179, \"sampling_strategy\": 0.8}\n"},"type":"ws_msg"}
{"payload":{"local_timestamp":1669158622766,"stderr":true,"stdout":"COMET INFO:     optimizer_pid          : 408dcb3854f8f0eaa053530e7508c5eb39699134\n"},"type":"ws_msg"}
{"payload":{"local_timestamp":1669158622766,"stderr":true,"stdout":"COMET INFO:     optimizer_process      : 5965\n"},"type":"ws_msg"}
{"payload":{"local_timestamp":1669158622767,"stderr":true,"stdout":"COMET INFO:     optimizer_trial        : 1\nCOMET INFO:     optimizer_version      : 2.0.1\n"},"type":"ws_msg"}
{"payload":{"local_timestamp":1669158622768,"stderr":true,"stdout":"COMET INFO:   Parameters:\n"},"type":"ws_msg"}
{"payload":{"local_timestamp":1669158622769,"log_other":{"key":"sys.already_imported_modules","val":"[\"sklearn\"]"}},"type":"ws_msg"}
{"payload":{"local_timestamp":1669158622769,"stderr":true,"stdout":"COMET INFO:     max_depth         : 20\n"},"type":"ws_msg"}
{"payload":{"local_timestamp":1669158622770,"stderr":true,"stdout":"COMET INFO:     n_estimators      : 179\n"},"type":"ws_msg"}
{"payload":{"local_timestamp":1669158622770,"stderr":true,"stdout":"COMET INFO:     sampling_strategy : 0.8\n"},"type":"ws_msg"}
{"payload":{"local_timestamp":1669158622770,"stderr":true,"stdout":"COMET INFO:   Uploads:\n"},"type":"ws_msg"}
{"payload":{"local_timestamp":1669158622771,"stderr":true,"stdout":"COMET INFO:     conda-environment-definition : 1\n"},"type":"ws_msg"}
{"payload":{"local_timestamp":1669158622771,"stderr":true,"stdout":"COMET INFO:     conda-info                   : 1\n"},"type":"ws_msg"}
{"payload":{"local_timestamp":1669158622771,"stderr":true,"stdout":"COMET INFO:     conda-specification          : 1\n"},"type":"ws_msg"}
{"payload":{"local_timestamp":1669158622772,"stderr":true,"stdout":"COMET INFO:     environment details          : 1\n"},"type":"ws_msg"}
{"payload":{"local_timestamp":1669158622772,"stderr":true,"stdout":"COMET INFO:     filename                     : 1\n"},"type":"ws_msg"}
{"payload":{"local_timestamp":1669158622773,"stderr":true,"stdout":"COMET INFO:     git metadata                 : 1\n"},"type":"ws_msg"}
{"payload":{"local_timestamp":1669158622773,"stderr":true,"stdout":"COMET INFO:     git-patch (uncompressed)     : 1 (159.01 MB)\n"},"type":"ws_msg"}
{"payload":{"local_timestamp":1669158622773,"stderr":true,"stdout":"COMET INFO:     installed packages           : 1\n"},"type":"ws_msg"}
{"payload":{"local_timestamp":1669158622773,"stderr":true,"stdout":"COMET INFO:     os packages                  : 1\n"},"type":"ws_msg"}
{"payload":{"local_timestamp":1669158622774,"stderr":true,"stdout":"COMET INFO:     source_code                  : 2 (9.67 KB)\n"},"type":"ws_msg"}
{"payload":{"local_timestamp":1669158622774,"stderr":true,"stdout":"COMET INFO: ---------------------------\n"},"type":"ws_msg"}
{"payload":{"local_timestamp":1669158622774,"stderr":true,"stdout":"COMET WARNING: Comet has disabled auto-logging functionality as it has been imported after the following ML modules: sklearn. Metrics and hyperparameters can still be logged using comet_ml.log_metrics() and comet_ml.log_parameters()\n"},"type":"ws_msg"}
